species,board_size,thickness_mm,density_kg_m3,fiber_saturation_pct,initial_MC_pct,schedule,airflow_m_s,final_MC_pct,total_drying_time_hr,total_energy_kWh,avg_kiln_temp_C,avg_WBD_C,avg_RH_pct,avg_EMC_pct,reached_target,nlga_compliant
Fir,2x10,38,471,27.0,73.9,T10-D5,4.2,18.95,28.6,245.9,94.5,23.7,38.4,2.91,1,1
Fir,4x4,89,471,27.0,79.2,T10-D5,4.5,18.69,165.9,1384.1,93.5,23.0,39.6,3.03,1,1
Pine,4x4,89,512,26.0,94.8,T8-D4,2.87,60.94,209.5,1160.1,65.6,6.5,72.7,7.18,0,0
Pine,2x8,38,512,26.0,127.0,T8-D4,4.95,18.76,93.9,593.8,72.0,10.6,63.9,6.11,1,1
Pine,2x10,38,512,26.0,107.9,T10-D5,3.69,18.96,52.4,392.0,85.0,17.3,50.4,4.27,1,1
Fir,2x10,38,471,27.0,82.7,T8-D4,2.1,19.0,65.9,477.2,80.9,14.8,53.9,4.68,1,1
Pine,2x6,38,512,26.0,107.4,T8-D4,2.09,19.54,102.3,654.7,74.3,11.6,61.4,5.75,1,0
Fir,2x10,38,471,27.0,70.2,T6-D3,2.98,18.6,92.3,554.7,69.4,10.3,61.8,5.99,1,1
Spruce,2x4,38,402,28.0,94.5,T8-D4,2.5,18.7,67.7,457.0,77.3,13.1,57.9,5.26,1,1
Fir,2x8,38,471,27.0,89.8,T6-D3,4.13,19.59,109.3,620.0,66.5,8.9,66.3,6.62,1,0
Fir,2x4,38,471,27.0,83.2,T8-D4,2.99,18.72,60.8,421.3,80.7,14.6,54.2,4.72,1,1
Pine,2x8,38,512,26.0,96.0,T8-D4,3.15,19.32,77.9,521.6,76.4,12.6,59.0,5.4,1,0
Spruce,2x8,38,402,28.0,96.1,T6-D3,3.91,17.93,104.7,585.5,65.7,8.5,67.5,6.79,1,1
Spruce,2x8,38,402,28.0,114.5,T8-D4,4.83,19.13,70.6,454.6,73.8,11.5,61.8,5.82,1,0
Pine,2x4,38,512,26.0,103.8,T6-D3,3.37,18.22,146.3,805.0,64.7,8.0,69.0,7.01,1,1
Fir,2x10,38,471,27.0,93.5,T8-D4,4.72,18.1,62.4,420.6,77.4,13.1,57.8,5.24,1,1
Fir,2x4,38,471,27.0,75.9,T8-D4,4.08,18.48,48.0,348.8,82.9,15.8,51.6,4.37,1,1
Spruce,2x10,38,402,28.0,72.0,T8-D4,4.92,18.84,38.2,294.5,83.8,16.4,50.3,4.21,1,1
Pine,4x4,89,512,26.0,115.1,T8-D4,3.9,78.78,211.0,1051.0,60.5,5.1,76.8,7.96,0,0
Fir,2x10,38,471,27.0,92.3,T6-D3,3.11,18.62,122.7,687.3,66.1,8.7,66.9,6.7,1,1
Pine,2x8,38,512,26.0,110.4,T10-D5,4.4,18.18,51.9,387.2,84.8,17.1,50.7,4.32,1,1
Fir,2x10,38,471,27.0,91.5,T6-D3,3.54,18.33,117.1,651.9,66.2,8.7,66.7,6.68,1,1
Fir,2x6,38,471,27.0,76.6,T10-D5,4.03,18.94,31.1,256.2,94.0,23.4,38.9,2.97,1,1
Fir,2x10,38,471,27.0,67.9,T6-D3,4.95,18.99,77.0,458.1,69.8,10.6,61.2,5.91,1,1
Fir,2x4,38,471,27.0,86.1,T8-D4,4.1,18.89,58.5,402.5,79.6,14.1,55.4,4.9,1,1
Fir,2x4,38,471,27.0,87.9,T6-D3,4.7,18.61,103.7,585.4,66.7,9.0,65.9,6.57,1,1
Spruce,2x4,38,402,28.0,79.0,T6-D3,2.05,18.91,103.9,599.0,68.4,9.8,63.5,6.21,1,1
Fir,2x4,38,471,27.0,107.7,T8-D4,3.63,19.05,81.1,513.6,74.5,11.8,61.0,5.71,1,0
Pine,4x4,89,512,26.0,81.0,T8-D4,4.72,34.77,210.7,1410.7,76.9,11.5,60.0,5.32,0,0
Spruce,4x4,89,402,28.0,112.8,T8-D4,3.5,66.63,209.1,1109.6,62.9,5.8,74.9,7.59,0,0
Pine,2x8,38,512,26.0,119.1,T8-D4,4.86,17.98,89.0,556.8,72.7,10.9,63.1,6.0,1,1
Fir,4x4,89,471,27.0,75.7,T8-D4,4.55,28.0,210.4,1468.8,79.9,13.4,55.7,4.81,0,0
Pine,2x8,38,512,26.0,110.9,T8-D4,2.29,18.28,103.2,659.9,73.8,11.4,61.9,5.82,1,1
Spruce,2x4,38,402,28.0,105.9,T8-D4,3.08,18.47,74.2,482.8,75.1,12.1,60.4,5.62,1,1
Spruce,2x10,38,402,28.0,101.9,T8-D4,3.5,19.44,68.5,450.1,75.7,12.3,59.7,5.52,1,0
Fir,2x10,38,471,27.0,73.0,T8-D4,3.32,19.45,49.1,360.6,83.4,16.2,50.7,4.27,1,0
Spruce,2x10,38,402,28.0,71.1,T6-D3,2.91,19.13,83.2,499.3,69.3,10.3,61.9,6.01,1,0
Spruce,2x10,38,402,28.0,115.0,T10-D5,2.58,18.37,53.9,400.8,84.7,17.1,50.9,4.34,1,1
Fir,2x10,38,471,27.0,102.8,T8-D4,2.75,18.48,82.4,542.8,75.4,12.2,60.0,5.56,1,1
Pine,2x4,38,512,26.0,141.8,T8-D4,2.84,19.37,122.4,747.0,70.8,10.0,65.2,6.3,1,0
Fir,4x4,89,471,27.0,92.0,T6-D3,3.03,65.59,209.8,981.0,57.2,4.1,80.8,8.63,0,0
Spruce,2x6,38,402,28.0,93.5,T8-D4,3.91,18.61,59.0,410.2,77.5,13.2,57.7,5.22,1,1
Spruce,4x4,89,402,28.0,99.1,T8-D4,3.85,51.15,210.3,1217.2,67.7,7.6,70.1,6.82,0,0
Fir,2x10,38,471,27.0,89.5,T6-D3,4.43,19.53,106.8,607.3,66.5,8.9,66.3,6.61,1,0
Fir,2x10,38,471,27.0,80.8,T8-D4,2.64,18.73,59.0,434.3,81.7,15.2,53.0,4.55,1,1
Pine,4x4,89,512,26.0,101.2,T10-D5,2.07,48.82,210.2,1439.7,78.7,12.6,58.0,5.07,0,0
Spruce,2x8,38,402,28.0,87.4,T10-D5,4.21,19.36,33.1,259.5,90.3,20.9,43.6,3.5,1,0
Fir,2x4,38,471,27.0,89.9,T8-D4,2.38,18.19,72.9,502.5,78.3,13.5,56.8,5.1,1,1
Spruce,4x4,89,402,28.0,102.6,T8-D4,2.71,59.71,208.8,1146.7,64.6,6.3,73.5,7.33,0,0
Spruce,2x8,38,402,28.0,99.7,T6-D3,2.16,18.91,129.4,726.3,65.3,8.3,68.1,6.88,1,1
Pine,4x4,89,512,26.0,88.4,T6-D3,3.81,63.1,210.9,1008.2,57.9,4.3,79.9,8.48,0,0
Fir,2x10,38,471,27.0,85.6,T8-D4,4.51,18.9,55.1,387.1,79.8,14.2,55.2,4.86,1,1
Spruce,2x6,38,402,28.0,76.0,T10-D5,2.44,18.78,32.0,266.4,94.2,23.5,38.7,2.95,1,1
Pine,2x10,38,512,26.0,83.9,T8-D4,4.72,19.48,56.4,405.5,80.1,14.3,54.9,4.81,1,0
Pine,2x8,38,512,26.0,86.2,T8-D4,2.99,18.75,68.5,459.8,79.3,13.9,55.8,4.95,1,1
Spruce,2x4,38,402,28.0,88.5,T8-D4,4.04,18.09,53.8,373.6,78.9,13.9,56.1,5.0,1,1
Spruce,4x4,89,402,28.0,95.8,T10-D5,2.04,33.21,210.2,1549.2,83.8,16.1,51.2,4.31,0,0
Pine,2x4,38,512,26.0,131.6,T8-D4,2.88,18.44,114.7,703.6,71.6,10.4,64.3,6.18,1,1
Spruce,2x6,38,402,28.0,107.4,T6-D3,3.39,18.01,120.0,662.4,64.6,8.0,69.1,7.03,1,1
Spruce,2x10,38,402,28.0,115.2,T8-D4,2.4,18.11,87.3,560.7,73.7,11.4,62.0,5.84,1,1
Spruce,2x4,38,402,28.0,87.6,T8-D4,3.44,19.55,56.1,393.7,79.2,14.0,55.8,4.96,1,0
Spruce,2x6,38,402,28.0,99.1,T6-D3,2.4,19.94,125.0,691.7,65.4,8.3,68.0,6.86,1,0
Fir,4x4,89,471,27.0,71.5,T8-D4,4.27,25.13,209.7,1499.2,81.6,14.6,53.3,4.53,0,0
Spruce,4x4,89,402,28.0,53.3,T8-D4,4.63,18.82,141.7,1120.5,88.6,19.8,43.3,3.42,1,1
Spruce,2x10,38,402,28.0,82.8,T8-D4,4.63,18.64,47.7,337.9,81.0,14.8,53.8,4.67,1,1
Fir,2x10,38,471,27.0,93.2,T10-D5,3.82,19.88,41.3,321.3,88.5,19.6,46.0,3.77,1,0
Spruce,2x4,38,402,28.0,106.8,T8-D4,3.19,19.02,74.0,484.0,74.9,11.9,60.6,5.65,1,0
Spruce,2x6,38,402,28.0,99.5,T8-D4,3.04,18.15,69.2,446.2,76.2,12.6,59.2,5.44,1,1
Fir,2x8,38,471,27.0,79.9,T6-D3,3.92,18.38,97.2,571.3,68.3,9.7,63.7,6.24,1,1
Spruce,2x6,38,402,28.0,89.0,T8-D4,2.67,19.45,61.7,424.0,78.7,13.8,56.3,5.03,1,0
Pine,2x4,38,512,26.0,91.7,T8-D4,3.07,18.33,74.0,495.3,77.5,13.1,57.7,5.22,1,1
Pine,2x8,38,512,26.0,122.8,T10-D5,2.18,18.47,71.1,526.6,83.2,16.1,52.7,4.54,1,1
Fir,2x6,38,471,27.0,82.5,T8-D4,3.59,18.89,56.6,402.0,81.0,14.8,53.8,4.66,1,1
Fir,2x10,38,471,27.0,68.9,T6-D3,3.34,19.09,87.1,514.2,69.6,10.4,61.5,5.95,1,0
Pine,2x4,38,512,26.0,86.6,T10-D5,2.27,18.8,44.8,350.6,90.3,20.8,43.7,3.5,1,1
Pine,2x8,38,512,26.0,133.4,T8-D4,3.44,19.22,111.0,682.4,71.4,10.3,64.6,6.21,1,0
Fir,2x6,38,471,27.0,94.3,T8-D4,3.09,19.78,71.3,486.5,77.2,13.0,58.1,5.28,1,0
Pine,4x4,89,512,26.0,104.3,T6-D3,2.74,79.96,209.6,921.3,54.0,3.0,85.0,9.32,0,0
Fir,2x4,38,471,27.0,87.7,T6-D3,3.57,18.92,111.1,627.4,66.8,9.0,65.9,6.55,1,1
Fir,2x10,38,471,27.0,103.0,T6-D3,4.93,18.89,118.8,654.8,64.9,8.1,68.7,6.96,1,1
Fir,2x6,38,471,27.0,79.4,T8-D4,4.31,18.41,50.1,347.6,82.2,15.4,52.4,4.47,1,1
Spruce,2x10,38,402,28.0,102.7,T6-D3,3.83,18.14,112.0,609.9,65.0,8.2,68.5,6.94,1,1
Fir,2x8,38,471,27.0,79.0,T6-D3,3.01,19.37,104.6,610.4,68.3,9.7,63.6,6.23,1,0
Fir,2x8,38,471,27.0,88.7,T8-D4,4.79,18.45,58.0,398.0,78.8,13.8,56.3,5.03,1,1
Pine,2x10,38,512,26.0,101.1,T10-D5,2.42,19.11,55.0,420.3,86.4,18.2,48.7,4.08,1,0
Spruce,2x8,38,402,28.0,105.5,T8-D4,3.57,18.62,71.1,457.1,75.1,12.1,60.4,5.61,1,1
Fir,2x8,38,471,27.0,105.0,T8-D4,3.62,18.16,77.9,501.9,75.0,12.0,60.5,5.64,1,1
Pine,4x4,89,512,26.0,87.8,T10-D5,3.87,20.97,210.2,1663.5,89.3,20.0,44.8,3.61,0,0
Spruce,2x4,38,402,28.0,89.2,T8-D4,4.68,19.1,51.7,355.0,78.7,13.7,56.4,5.04,1,0
Fir,2x4,38,471,27.0,89.8,T6-D3,3.71,19.06,113.5,635.6,66.5,8.9,66.3,6.62,1,0
Fir,2x10,38,471,27.0,116.7,T8-D4,3.81,18.96,85.7,549.1,73.3,11.2,62.4,5.9,1,1
Spruce,2x6,38,402,28.0,115.5,T6-D3,3.8,19.26,124.6,670.8,64.0,7.7,70.1,7.17,1,0
Pine,2x6,38,512,26.0,84.8,T8-D4,2.68,18.59,68.6,477.7,79.8,14.2,55.2,4.86,1,1
Pine,2x6,38,512,26.0,136.7,T8-D4,2.05,19.28,131.6,805.8,71.1,10.2,64.9,6.25,1,0
Pine,2x4,38,512,26.0,133.9,T8-D4,3.82,18.7,106.5,655.7,71.3,10.3,64.6,6.22,1,1
Spruce,2x6,38,402,28.0,125.5,T10-D5,2.37,19.25,59.9,442.0,83.5,16.3,52.4,4.51,1,0
Spruce,2x6,38,402,28.0,82.9,T10-D5,2.01,17.85,38.2,310.5,92.2,22.1,41.3,3.23,1,1
Pine,2x6,38,512,26.0,103.3,T8-D4,4.76,18.93,76.1,496.6,74.9,11.9,60.6,5.64,1,1
Spruce,2x10,38,402,28.0,108.0,T8-D4,4.74,17.91,66.0,432.7,74.7,11.9,60.8,5.68,1,1
Spruce,2x4,38,402,28.0,78.9,T8-D4,4.58,18.9,43.3,311.1,82.4,15.5,52.2,4.44,1,1
Pine,2x8,38,512,26.0,101.4,T8-D4,4.69,18.51,74.8,485.8,75.3,12.1,60.2,5.58,1,1
Fir,2x6,38,471,27.0,109.3,T8-D4,4.14,19.8,78.7,490.5,74.3,11.7,61.2,5.74,1,0
Fir,2x10,38,471,27.0,83.5,T6-D3,4.59,19.19,98.2,555.6,67.5,9.3,64.8,6.4,1,0
Spruce,2x10,38,402,28.0,109.7,T10-D5,4.6,17.71,42.6,321.0,85.4,17.6,50.0,4.23,1,1
Fir,4x4,89,471,27.0,94.6,T8-D4,3.02,55.72,210.9,1201.5,67.1,7.2,71.0,6.93,0,0
Fir,2x8,38,471,27.0,82.2,T10-D5,4.83,18.47,31.2,257.4,92.1,22.0,41.3,3.23,1,1
Pine,2x4,38,512,26.0,114.9,T8-D4,2.08,18.34,110.7,695.9,73.2,11.1,62.5,5.92,1,1
Fir,4x4,89,471,27.0,98.2,T8-D4,2.78,60.42,210.4,1148.8,65.0,6.4,73.1,7.26,0,0
Pine,2x4,38,512,26.0,124.6,T8-D4,2.88,18.95,108.6,682.6,72.1,10.6,63.7,6.09,1,1
Fir,2x4,38,471,27.0,71.5,T8-D4,3.62,19.19,46.6,342.2,83.8,16.4,50.3,4.21,1,0
Pine,2x6,38,512,26.0,124.3,T10-D5,4.07,18.85,60.7,439.6,83.2,16.1,52.8,4.56,1,1
Spruce,2x6,38,402,28.0,89.4,T8-D4,3.95,19.21,56.0,386.8,78.6,13.7,56.5,5.06,1,0
Spruce,4x4,89,402,28.0,72.9,T6-D3,4.74,41.0,209.7,1125.8,63.6,6.8,71.1,7.19,0,0
Pine,2x8,38,512,26.0,106.6,T6-D3,2.27,19.51,169.1,922.2,64.4,7.9,69.4,7.06,1,0
Fir,2x6,38,471,27.0,84.5,T8-D4,4.86,18.28,53.6,366.8,80.2,14.4,54.8,4.8,1,1
Fir,2x8,38,471,27.0,80.2,T10-D5,4.54,19.8,30.4,251.2,93.2,22.8,40.0,3.08,1,0
Spruce,2x4,38,402,28.0,85.4,T8-D4,3.79,18.9,52.0,362.0,79.9,14.3,55.0,4.84,1,1
Fir,2x8,38,471,27.0,87.2,T10-D5,4.37,19.66,36.3,295.4,90.3,20.8,43.7,3.5,1,0
Spruce,4x4,89,402,28.0,94.2,T8-D4,4.55,41.78,210.2,1274.8,70.7,8.8,66.8,6.34,0,0
Fir,2x6,38,471,27.0,89.5,T8-D4,4.75,18.75,59.4,402.0,78.5,13.6,56.6,5.07,1,1
Fir,2x8,38,471,27.0,86.0,T8-D4,4.49,18.66,56.0,390.0,79.6,14.2,55.4,4.89,1,1
Pine,2x8,38,512,26.0,106.1,T8-D4,3.02,19.01,90.2,570.7,74.5,11.7,61.1,5.71,1,0
Spruce,2x4,38,402,28.0,107.1,T8-D4,3.56,18.71,71.3,453.4,74.9,12.0,60.6,5.65,1,1
Pine,2x8,38,512,26.0,102.2,T10-D5,3.59,19.31,51.1,378.9,86.1,18.1,49.0,4.11,1,0
Fir,2x4,38,471,27.0,100.8,T8-D4,3.25,18.66,77.0,506.3,75.7,12.3,59.7,5.51,1,1
Pine,2x6,38,512,26.0,109.5,T8-D4,2.7,19.09,97.3,612.1,74.0,11.5,61.7,5.8,1,0
Fir,2x6,38,471,27.0,87.7,T8-D4,2.78,18.95,67.1,467.0,79.0,13.9,56.1,4.99,1,1
Pine,4x4,89,512,26.0,107.8,T10-D5,4.23,41.63,209.8,1457.5,79.3,13.0,57.3,5.0,0,0
Fir,4x4,89,471,27.0,80.8,T6-D3,2.14,57.08,210.3,1065.3,60.4,5.3,76.4,7.93,0,0
Fir,2x4,38,471,27.0,68.0,T8-D4,3.79,18.99,41.9,335.0,84.7,17.0,49.0,4.06,1,1
Spruce,2x8,38,402,28.0,97.4,T10-D5,2.67,18.05,44.8,350.2,87.6,19.0,47.2,3.91,1,1
Pine,2x8,38,512,26.0,118.2,T10-D5,2.8,19.5,63.1,468.6,83.7,16.4,52.1,4.47,1,0
Fir,2x8,38,471,27.0,79.8,T8-D4,3.49,18.93,53.8,393.9,82.2,15.4,52.5,4.48,1,1
Pine,4x4,89,512,26.0,118.2,T10-D5,3.71,56.9,210.2,1376.0,75.4,10.5,62.4,5.61,0,0
Fir,2x10,38,471,27.0,93.2,T10-D5,4.6,19.01,39.5,311.9,88.5,19.6,46.0,3.77,1,0
Fir,2x8,38,471,27.0,81.3,T8-D4,2.48,18.53,60.9,440.5,81.5,15.0,53.3,4.59,1,1
Pine,4x4,89,512,26.0,122.3,T8-D4,2.02,88.46,210.0,1050.4,60.0,5.0,77.2,8.04,0,0
Fir,2x6,38,471,27.0,81.9,T8-D4,3.62,18.94,55.6,403.4,81.3,14.9,53.6,4.63,1,1
Pine,2x10,38,512,26.0,103.3,T8-D4,4.8,18.96,76.5,488.6,75.0,11.9,60.6,5.64,1,1
Pine,2x4,38,512,26.0,102.8,T8-D4,3.04,18.96,86.7,560.2,75.1,12.0,60.5,5.62,1,1
Fir,4x4,89,471,27.0,100.7,T6-D3,2.97,73.12,209.7,963.1,55.4,3.5,83.1,9.02,0,0
Pine,2x6,38,512,26.0,91.6,T10-D5,3.28,18.67,44.3,350.8,88.6,19.7,45.8,3.74,1,1
Pine,2x10,38,512,26.0,119.8,T8-D4,2.82,18.84,106.1,654.0,72.6,10.9,63.2,6.01,1,1
Pine,2x8,38,512,26.0,123.5,T8-D4,4.95,18.69,91.4,568.4,72.3,10.7,63.5,6.06,1,1
Spruce,2x4,38,402,28.0,125.2,T8-D4,3.69,17.92,83.3,520.7,72.6,10.9,63.1,6.01,1,1
Spruce,4x4,89,402,28.0,90.6,T6-D3,3.36,59.86,209.7,1011.2,57.9,4.3,79.9,8.48,0,0
Pine,2x8,38,512,26.0,88.6,T6-D3,3.39,19.23,124.1,706.7,66.5,8.9,66.3,6.61,1,0
Fir,4x4,89,471,27.0,80.5,T8-D4,4.39,31.85,209.8,1411.7,77.8,12.0,58.7,5.17,0,0
Fir,2x8,38,471,27.0,75.3,T8-D4,4.58,18.79,46.2,331.9,83.0,15.9,51.3,4.34,1,1
Pine,2x10,38,512,26.0,96.9,T8-D4,3.68,18.91,75.7,501.4,76.2,12.5,59.2,5.43,1,1
Pine,2x6,38,512,26.0,123.8,T10-D5,2.6,18.95,68.6,499.8,83.2,16.1,52.8,4.55,1,1
Fir,4x4,89,471,27.0,103.1,T8-D4,2.09,69.41,210.2,1115.6,63.0,5.8,74.8,7.58,0,0
Pine,2x10,38,512,26.0,129.8,T8-D4,4.44,18.92,100.5,610.6,71.7,10.4,64.2,6.16,1,1
Spruce,2x10,38,402,28.0,82.6,T8-D4,2.24,18.74,58.3,417.2,81.0,14.8,53.9,4.67,1,1
Fir,2x10,38,471,27.0,85.4,T8-D4,4.16,18.85,57.3,393.2,79.9,14.3,55.1,4.85,1,1
Spruce,2x4,38,402,28.0,93.9,T10-D5,2.52,19.03,42.7,338.7,88.5,19.6,46.0,3.77,1,0
Pine,2x10,38,512,26.0,148.9,T8-D4,3.63,19.0,119.5,719.4,70.4,9.8,65.7,6.37,1,1
Pine,2x6,38,512,26.0,90.8,T8-D4,3.97,18.22,68.1,456.6,77.7,13.2,57.5,5.19,1,1
Spruce,2x8,38,402,28.0,114.9,T8-D4,3.22,19.54,79.9,496.6,73.7,11.4,61.9,5.83,1,0
Spruce,4x4,89,402,28.0,92.6,T6-D3,3.31,61.22,210.8,1007.1,57.5,4.2,80.4,8.57,0,0
Pine,2x4,38,512,26.0,122.1,T8-D4,4.91,18.18,91.6,564.7,72.4,10.8,63.4,6.04,1,1
Spruce,2x8,38,402,28.0,87.9,T10-D5,3.33,17.9,35.1,286.6,90.1,20.7,43.9,3.53,1,1
Spruce,2x10,38,402,28.0,86.1,T8-D4,4.85,18.23,49.9,335.0,79.6,14.2,55.4,4.89,1,1
Fir,4x4,89,471,27.0,80.3,T8-D4,4.35,33.53,210.1,1432.6,78.0,12.1,58.6,5.14,0,0
Fir,4x4,89,471,27.0,81.8,T6-D3,4.96,51.26,210.1,1074.4,61.3,5.7,74.9,7.73,0,0
Fir,4x4,89,471,27.0,79.1,T10-D5,2.95,18.96,188.6,1577.0,93.5,23.0,39.5,3.03,1,1
Spruce,2x8,38,402,28.0,108.3,T8-D4,4.0,18.22,70.5,449.2,74.7,11.9,60.8,5.68,1,1
Pine,4x4,89,512,26.0,126.1,T6-D3,4.02,93.32,210.3,919.4,54.0,3.0,85.0,9.32,0,0
Fir,2x6,38,471,27.0,91.7,T8-D4,2.05,18.64,78.4,533.5,77.9,13.3,57.3,5.17,1,1
Fir,2x4,38,471,27.0,91.4,T8-D4,4.03,18.21,64.6,427.5,77.9,13.4,57.2,5.16,1,1
Pine,2x10,38,512,26.0,122.0,T6-D3,3.81,18.76,161.9,861.0,63.3,7.4,71.1,7.31,1,1
Fir,2x10,38,471,27.0,83.9,T8-D4,4.3,19.29,55.2,383.6,80.4,14.5,54.5,4.76,1,0
Spruce,2x4,38,402,28.0,109.1,T8-D4,3.89,19.88,71.6,449.0,74.5,11.8,61.0,5.71,1,0
Spruce,2x4,38,402,28.0,95.5,T8-D4,3.33,18.74,64.0,422.0,77.0,13.0,58.2,5.31,1,1
Pine,2x4,38,512,26.0,72.5,T8-D4,4.59,19.94,45.8,333.2,83.4,16.2,50.8,4.27,1,0
Spruce,2x10,38,402,28.0,114.5,T8-D4,3.18,19.08,79.9,517.6,73.8,11.4,61.9,5.83,1,0
Spruce,2x8,38,402,28.0,92.0,T6-D3,3.94,19.14,99.9,565.2,66.2,8.8,66.7,6.67,1,0
Pine,4x4,89,512,26.0,117.8,T8-D4,3.57,81.34,211.2,1054.9,60.0,5.0,77.2,8.04,0,0
Pine,2x10,38,512,26.0,94.1,T8-D4,3.2,18.81,76.2,510.8,76.9,12.9,58.4,5.32,1,1
Fir,2x4,38,471,27.0,84.8,T8-D4,2.77,19.23,63.6,451.7,80.1,14.4,54.9,4.82,1,0
Spruce,2x6,38,402,28.0,98.0,T6-D3,2.01,20.07,130.9,725.1,65.5,8.4,67.8,6.83,1,0
Fir,2x6,38,471,27.0,86.8,T6-D3,3.08,19.09,114.2,656.6,66.9,9.1,65.7,6.52,1,0
Pine,2x8,38,512,26.0,118.8,T10-D5,4.01,19.1,57.4,418.0,83.7,16.4,52.1,4.48,1,0
Spruce,2x4,38,402,28.0,92.8,T8-D4,4.59,18.77,55.8,376.6,77.7,13.3,57.5,5.2,1,1
Fir,2x8,38,471,27.0,84.1,T8-D4,3.17,20.22,59.8,431.9,80.3,14.5,54.6,4.78,1,0
Pine,4x4,89,512,26.0,114.5,T8-D4,4.08,76.35,209.2,1069.0,60.8,5.2,76.6,7.92,0,0
Pine,2x10,38,512,26.0,101.3,T6-D3,4.68,18.43,129.5,706.5,64.9,8.1,68.7,6.96,1,1
Spruce,2x4,38,402,28.0,97.4,T10-D5,4.01,18.27,39.3,295.0,87.7,19.1,47.1,3.9,1,1
Fir,2x10,38,471,27.0,91.9,T8-D4,3.0,19.78,70.1,484.8,77.8,13.3,57.4,5.18,1,0
Pine,2x10,38,512,26.0,129.7,T6-D3,4.88,19.33,157.3,826.9,62.9,7.2,71.7,7.4,1,0
Pine,2x4,38,512,26.0,75.0,T10-D5,2.0,18.49,37.1,319.3,94.1,23.4,38.8,2.95,1,1
Pine,4x4,89,512,26.0,116.4,T6-D3,2.77,89.29,210.1,936.3,54.0,3.0,85.0,9.32,0,0
Pine,4x4,89,512,26.0,98.2,T6-D3,2.91,73.26,209.1,955.6,55.4,3.5,83.2,9.02,0,0
Pine,2x6,38,512,26.0,109.9,T8-D4,3.55,19.3,89.5,571.4,73.9,11.5,61.8,5.81,1,0
Fir,2x6,38,471,27.0,78.3,T10-D5,4.42,19.14,30.1,249.3,93.7,23.2,39.3,3.01,1,0
Pine,2x8,38,512,26.0,110.8,T8-D4,3.04,18.99,94.4,603.8,73.8,11.4,61.9,5.82,1,1
Pine,2x4,38,512,26.0,130.9,T10-D5,3.46,19.01,66.2,473.8,82.5,15.6,53.6,4.65,1,0
Spruce,2x4,38,402,28.0,106.4,T8-D4,2.37,17.2,80.4,522.3,74.9,12.0,60.6,5.64,1,1
Spruce,2x10,38,402,28.0,80.5,T8-D4,2.32,19.23,55.8,401.8,81.9,15.2,52.8,4.52,1,0
Fir,2x8,38,471,27.0,84.2,T8-D4,2.58,18.17,64.5,458.4,80.3,14.5,54.6,4.79,1,1
Fir,2x4,38,471,27.0,77.3,T8-D4,2.51,18.7,57.5,421.2,82.6,15.6,52.0,4.42,1,1
Fir,2x4,38,471,27.0,89.9,T8-D4,2.66,18.32,70.7,485.6,78.4,13.6,56.8,5.09,1,1
Spruce,2x10,38,402,28.0,99.6,T8-D4,3.96,17.85,63.1,421.0,76.1,12.5,59.3,5.45,1,1
Spruce,4x4,89,402,28.0,90.3,T6-D3,3.25,59.9,210.4,1003.0,58.0,4.3,79.8,8.47,0,0
Pine,4x4,89,512,26.0,95.1,T8-D4,2.04,64.31,209.0,1162.9,64.9,6.3,73.3,7.29,0,0
Fir,4x4,89,471,27.0,96.7,T8-D4,2.45,60.78,208.8,1158.4,65.3,6.4,73.0,7.23,0,0
Spruce,2x6,38,402,28.0,108.7,T8-D4,4.68,18.25,66.4,432.4,74.6,11.8,60.9,5.7,1,1
Pine,2x6,38,512,26.0,142.4,T6-D3,4.71,18.61,170.9,893.4,62.3,6.9,72.6,7.52,1,1
Spruce,2x4,38,402,28.0,100.5,T6-D3,3.56,18.65,113.2,620.4,65.2,8.3,68.2,6.9,1,1
Spruce,2x4,38,402,28.0,93.5,T8-D4,3.98,18.95,58.8,393.7,77.5,13.2,57.7,5.23,1,1
Pine,2x10,38,512,26.0,94.3,T8-D4,4.32,19.18,70.1,468.2,76.8,12.8,58.5,5.34,1,0
Pine,2x10,38,512,26.0,97.1,T10-D5,4.35,18.31,44.5,339.2,87.2,18.7,47.7,3.96,1,1
Pine,4x4,89,512,26.0,109.4,T6-D3,3.42,82.03,210.0,928.1,54.0,3.0,85.0,9.32,0,0
Pine,2x8,38,512,26.0,97.6,T6-D3,2.33,19.04,154.6,842.9,65.3,8.3,68.1,6.87,1,0
Pine,2x4,38,512,26.0,113.2,T6-D3,2.82,19.2,166.6,898.7,63.9,7.6,70.2,7.18,1,0
Spruce,2x8,38,402,28.0,90.8,T8-D4,2.95,19.12,62.9,424.7,78.2,13.5,56.9,5.11,1,0
Pine,4x4,89,512,26.0,90.6,T10-D5,4.24,22.26,209.9,1632.6,87.8,19.0,46.5,3.8,0,0
Pine,2x8,38,512,26.0,101.9,T8-D4,3.62,19.01,80.9,531.5,75.2,12.1,60.3,5.59,1,0
Pine,2x8,38,512,26.0,132.2,T6-D3,3.03,18.71,184.8,980.4,62.7,7.1,71.9,7.43,1,1
Pine,2x8,38,512,26.0,125.0,T6-D3,2.28,19.09,191.9,1021.4,63.1,7.3,71.4,7.35,1,0
Pine,2x4,38,512,26.0,97.2,T8-D4,4.64,18.49,71.2,474.1,76.2,12.5,59.2,5.44,1,1
Spruce,2x6,38,402,28.0,113.5,T8-D4,4.45,19.37,71.8,445.8,73.9,11.5,61.7,5.81,1,0
Pine,2x6,38,512,26.0,98.2,T8-D4,2.11,19.24,90.9,602.4,76.0,12.4,59.5,5.48,1,0
Fir,2x8,38,471,27.0,74.3,T10-D5,3.41,18.76,31.3,251.3,94.5,23.7,38.5,2.92,1,1
Pine,2x8,38,512,26.0,103.8,T6-D3,3.99,18.35,139.7,760.0,64.7,8.0,69.0,7.01,1,1
Spruce,2x8,38,402,28.0,117.3,T6-D3,3.74,19.93,127.0,684.4,63.8,7.6,70.3,7.2,1,0
Pine,2x8,38,512,26.0,97.7,T8-D4,4.48,18.81,72.1,475.2,76.1,12.5,59.3,5.46,1,1
Pine,2x6,38,512,26.0,68.4,T8-D4,4.37,19.26,43.3,319.4,84.4,16.8,49.3,4.1,1,0
Fir,2x4,38,471,27.0,100.1,T6-D3,2.66,19.24,138.5,776.6,65.2,8.3,68.2,6.9,1,0
Fir,2x8,38,471,27.0,93.5,T8-D4,4.97,19.27,62.0,416.1,77.3,13.1,57.9,5.26,1,0
Fir,4x4,89,471,27.0,101.8,T8-D4,3.76,61.69,209.7,1140.0,64.6,6.3,73.5,7.33,0,0
Spruce,2x10,38,402,28.0,81.7,T10-D5,3.37,18.76,31.6,258.2,92.6,22.3,40.8,3.17,1,1
Pine,2x8,38,512,26.0,101.0,T8-D4,4.19,19.18,76.3,503.3,75.4,12.1,60.1,5.57,1,0
Fir,2x10,38,471,27.0,75.2,T8-D4,4.87,18.47,45.4,329.1,83.0,15.9,51.4,4.35,1,1
Pine,2x6,38,512,26.0,112.6,T10-D5,2.8,18.87,60.3,445.9,84.4,16.9,51.2,4.37,1,1
Fir,2x4,38,471,27.0,83.3,T8-D4,2.95,18.94,61.2,424.5,80.6,14.6,54.3,4.73,1,1
Fir,2x10,38,471,27.0,96.6,T6-D3,4.65,18.79,113.8,636.9,65.6,8.4,67.7,6.82,1,1
Spruce,2x6,38,402,28.0,84.9,T10-D5,2.43,19.24,36.4,294.9,91.2,21.4,42.6,3.38,1,0
Spruce,2x10,38,402,28.0,89.9,T8-D4,2.34,18.61,65.5,444.7,78.5,13.6,56.6,5.07,1,1
Fir,2x4,38,471,27.0,89.3,T8-D4,2.34,19.23,72.6,494.9,78.5,13.6,56.6,5.07,1,0
Spruce,2x6,38,402,28.0,79.8,T6-D3,3.37,18.89,89.6,533.3,68.3,9.7,63.6,6.23,1,1
Fir,4x4,89,471,27.0,82.0,T8-D4,2.87,40.37,210.0,1368.1,75.2,10.5,62.3,5.62,0,0
Fir,2x4,38,471,27.0,80.2,T8-D4,2.78,18.45,57.9,424.3,82.1,15.3,52.7,4.5,1,1
Spruce,2x10,38,402,28.0,98.8,T10-D5,2.72,18.76,44.5,340.3,87.3,18.8,47.5,3.95,1,1
Spruce,2x6,38,402,28.0,107.5,T8-D4,2.32,19.21,82.5,526.6,74.8,11.9,60.8,5.67,1,0
Fir,2x8,38,471,27.0,94.2,T8-D4,3.57,18.63,69.7,467.2,77.2,13.0,58.1,5.28,1,1
Fir,2x4,38,471,27.0,72.8,T8-D4,4.75,18.93,44.3,324.9,83.5,16.2,50.6,4.26,1,1
Fir,2x8,38,471,27.0,85.3,T8-D4,4.69,18.35,54.6,382.6,79.8,14.2,55.2,4.86,1,1
Spruce,2x10,38,402,28.0,84.7,T10-D5,2.94,19.38,34.8,284.4,91.4,21.6,42.3,3.34,1,0
Spruce,4x4,89,402,28.0,84.7,T8-D4,2.97,38.14,209.7,1359.0,74.6,10.4,62.5,5.69,0,0
Spruce,2x10,38,402,28.0,85.3,T10-D5,2.24,19.01,38.3,312.0,91.2,21.4,42.6,3.38,1,0
Pine,2x8,38,512,26.0,114.2,T8-D4,4.96,19.15,83.9,531.2,73.4,11.2,62.4,5.89,1,0
Pine,2x8,38,512,26.0,103.1,T10-D5,3.58,18.5,50.6,381.4,86.0,18.0,49.2,4.14,1,1
Fir,2x10,38,471,27.0,89.5,T10-D5,4.22,18.18,38.8,292.2,89.5,20.3,44.6,3.61,1,1
Spruce,4x4,89,402,28.0,89.1,T10-D5,4.53,19.09,181.0,1451.4,89.8,20.5,44.3,3.58,1,0
Spruce,2x8,38,402,28.0,83.0,T8-D4,3.54,18.5,51.3,362.5,80.9,14.8,53.9,4.69,1,1
Spruce,2x4,38,402,28.0,99.9,T8-D4,3.99,18.63,64.3,432.7,76.1,12.6,59.2,5.45,1,1
Fir,2x6,38,471,27.0,86.4,T8-D4,3.38,19.46,61.9,428.6,79.4,14.1,55.6,4.92,1,0
Pine,2x8,38,512,26.0,115.0,T8-D4,2.13,18.94,110.2,691.8,73.2,11.2,62.5,5.91,1,1
Fir,2x8,38,471,27.0,95.0,T10-D5,4.1,19.93,41.8,334.6,87.9,19.2,46.7,3.85,1,0
Fir,2x10,38,471,27.0,75.9,T6-D3,4.11,18.94,90.3,534.0,68.7,9.9,63.0,6.15,1,1
Fir,4x4,89,471,27.0,94.5,T8-D4,2.9,56.96,209.9,1196.0,67.0,7.1,71.1,6.95,0,0
Spruce,2x10,38,402,28.0,95.8,T8-D4,4.99,19.4,56.3,381.1,76.9,12.9,58.3,5.32,1,0
Spruce,2x4,38,402,28.0,102.8,T10-D5,4.01,19.92,40.9,316.2,86.6,18.4,48.5,4.06,1,0
Pine,2x4,38,512,26.0,131.5,T8-D4,2.49,18.67,120.5,743.0,71.6,10.4,64.3,6.18,1,1
Pine,2x10,38,512,26.0,111.8,T8-D4,3.96,19.09,88.2,570.4,73.7,11.4,62.0,5.84,1,0
Fir,2x4,38,471,27.0,93.1,T6-D3,2.12,19.05,138.4,767.9,66.0,8.6,67.0,6.72,1,0
Spruce,4x4,89,402,28.0,64.8,T8-D4,3.87,18.26,196.0,1472.3,85.8,17.7,47.4,3.88,1,1
Spruce,2x4,38,402,28.0,108.0,T6-D3,2.66,18.65,131.0,726.7,64.5,8.0,69.2,7.04,1,1
Fir,2x4,38,471,27.0,76.1,T8-D4,2.26,18.96,58.1,411.5,82.8,15.8,51.6,4.37,1,1
Spruce,4x4,89,402,28.0,104.1,T8-D4,2.13,64.98,209.8,1123.1,63.7,6.0,74.2,7.46,0,0
Fir,2x10,38,471,27.0,93.4,T10-D5,4.01,18.18,41.3,314.8,88.5,19.6,46.0,3.77,1,1
Pine,4x4,89,512,26.0,112.2,T6-D3,3.91,83.26,209.6,925.7,54.0,3.0,85.0,9.32,0,0
Pine,2x4,38,512,26.0,106.8,T8-D4,3.11,18.48,89.9,579.4,74.3,11.6,61.3,5.74,1,1
Pine,2x8,38,512,26.0,128.4,T8-D4,4.83,19.43,96.6,584.8,71.8,10.5,64.1,6.14,1,0
Pine,2x6,38,512,26.0,105.5,T6-D3,2.35,18.82,166.2,906.1,64.5,7.9,69.3,7.05,1,1
Spruce,2x8,38,402,28.0,94.6,T8-D4,2.43,18.85,68.9,454.6,77.2,13.1,58.0,5.27,1,1
Spruce,2x6,38,402,28.0,92.9,T10-D5,4.42,17.98,36.0,277.6,88.7,19.8,45.7,3.74,1,1
Fir,4x4,89,471,27.0,82.3,T8-D4,2.92,41.2,210.3,1366.2,74.9,10.4,62.5,5.65,0,0
Fir,2x4,38,471,27.0,66.6,T8-D4,2.96,19.47,45.6,339.9,85.1,17.3,48.4,3.99,1,0
Spruce,2x6,38,402,28.0,83.4,T6-D3,3.29,18.66,95.2,547.7,67.6,9.4,64.7,6.38,1,1
Fir,2x8,38,471,27.0,76.3,T8-D4,4.38,19.05,47.6,351.6,82.8,15.7,51.7,4.38,1,0
Pine,2x4,38,512,26.0,110.4,T6-D3,2.5,19.19,168.3,908.2,64.1,7.7,69.9,7.14,1,0
Pine,2x8,38,512,26.0,110.7,T6-D3,3.46,18.95,153.1,824.2,64.1,7.7,69.9,7.14,1,1
Fir,2x10,38,471,27.0,87.0,T10-D5,3.64,18.55,37.8,305.0,90.3,20.8,43.7,3.5,1,1
Spruce,2x6,38,402,28.0,89.8,T6-D3,2.74,19.41,109.3,620.5,66.5,8.9,66.2,6.61,1,0
Pine,2x4,38,512,26.0,119.5,T8-D4,4.03,18.69,93.6,591.5,72.7,10.9,63.1,6.0,1,1
Fir,4x4,89,471,27.0,59.7,T8-D4,3.88,18.82,190.8,1488.5,87.7,19.0,44.7,3.55,1,1
Pine,2x8,38,512,26.0,109.5,T8-D4,3.19,18.51,91.4,591.3,74.0,11.5,61.7,5.8,1,1
Fir,4x4,89,471,27.0,79.5,T8-D4,3.06,36.23,210.2,1421.3,77.3,11.6,59.7,5.26,0,0
Spruce,2x4,38,402,28.0,95.2,T8-D4,3.4,19.09,63.3,422.8,77.1,13.0,58.1,5.29,1,0
Pine,2x6,38,512,26.0,82.8,T8-D4,3.57,19.94,60.4,424.6,80.6,14.6,54.3,4.73,1,0
Fir,2x6,38,471,27.0,63.0,T8-D4,4.68,18.13,36.6,281.1,86.3,18.0,46.8,3.79,1,1
Fir,4x4,89,471,27.0,71.2,T8-D4,4.99,23.44,209.6,1516.9,82.5,15.3,52.1,4.4,0,0
Fir,2x8,38,471,27.0,92.2,T6-D3,4.91,18.48,107.9,601.6,66.1,8.7,66.8,6.7,1,1
Spruce,2x10,38,402,28.0,106.4,T10-D5,2.84,19.2,48.4,366.6,85.8,17.8,49.4,4.16,1,0
Spruce,4x4,89,402,28.0,100.6,T6-D3,4.81,64.95,210.2,981.1,56.6,3.9,81.7,8.77,0,0
Fir,2x4,38,471,27.0,89.7,T8-D4,2.84,18.0,69.3,479.6,78.4,13.6,56.7,5.09,1,1
Pine,4x4,89,512,26.0,103.1,T10-D5,3.57,40.49,210.7,1474.0,80.2,13.5,56.0,4.85,0,0
Pine,2x10,38,512,26.0,93.5,T6-D3,4.13,19.23,124.4,700.2,65.8,8.5,67.3,6.76,1,0
Fir,2x8,38,471,27.0,86.7,T6-D3,3.75,19.49,108.3,611.1,67.0,9.1,65.6,6.52,1,0
Spruce,2x4,38,402,28.0,110.6,T8-D4,4.6,18.72,70.0,447.6,74.3,11.7,61.3,5.74,1,1
Pine,2x6,38,512,26.0,113.5,T8-D4,4.47,19.66,85.9,548.5,73.4,11.2,62.4,5.89,1,0
Fir,2x6,38,471,27.0,75.4,T8-D4,2.48,19.42,55.1,403.7,82.9,15.8,51.5,4.35,1,0
Spruce,2x6,38,402,28.0,105.6,T8-D4,4.15,18.89,67.0,451.6,75.1,12.1,60.4,5.62,1,1
Pine,4x4,89,512,26.0,112.8,T10-D5,2.25,60.32,210.1,1363.8,74.7,10.0,63.3,5.71,0,0
Pine,2x8,38,512,26.0,115.9,T8-D4,4.73,18.89,87.1,545.8,73.1,11.1,62.7,5.94,1,1
Pine,4x4,89,512,26.0,117.8,T8-D4,3.9,80.03,210.1,1050.3,60.0,5.0,77.2,8.04,0,0
Fir,2x4,38,471,27.0,83.1,T8-D4,4.83,17.91,52.2,364.7,80.7,14.7,54.1,4.71,1,1
Fir,2x10,38,471,27.0,87.9,T10-D5,3.43,18.34,38.9,314.1,90.1,20.7,43.9,3.53,1,1
Spruce,4x4,89,402,28.0,106.2,T8-D4,4.16,57.72,210.4,1160.7,65.0,6.4,73.0,7.27,0,0
Spruce,4x4,89,402,28.0,96.7,T6-D3,3.18,65.11,211.2,977.2,56.8,3.9,81.4,8.73,0,0
Spruce,2x10,38,402,28.0,101.2,T6-D3,4.0,19.28,108.5,601.8,65.2,8.2,68.3,6.91,1,0
Pine,4x4,89,512,26.0,106.7,T8-D4,3.01,71.08,210.4,1079.5,62.0,5.5,75.6,7.73,0,0
Pine,2x10,38,512,26.0,110.3,T6-D3,3.39,19.18,153.9,841.7,64.1,7.7,69.9,7.13,1,0
Fir,2x4,38,471,27.0,91.7,T8-D4,4.93,19.1,60.0,406.0,77.9,13.3,57.3,5.17,1,0
Spruce,2x4,38,402,28.0,80.1,T8-D4,3.55,18.03,48.3,348.4,82.1,15.4,52.5,4.49,1,1
Fir,2x8,38,471,27.0,91.7,T6-D3,4.7,19.26,106.4,599.5,66.2,8.7,66.7,6.68,1,0
Fir,4x4,89,471,27.0,101.7,T8-D4,2.74,64.79,209.7,1133.4,64.0,6.1,74.0,7.43,0,0
Pine,2x4,38,512,26.0,129.4,T8-D4,3.59,19.58,106.2,652.9,71.7,10.5,64.2,6.15,1,0
Spruce,2x8,38,402,28.0,81.4,T8-D4,3.86,18.45,48.0,345.4,81.6,15.1,53.2,4.58,1,1
Fir,2x10,38,471,27.0,83.5,T8-D4,4.43,19.08,54.2,389.5,80.5,14.6,54.4,4.74,1,0
Fir,2x4,38,471,27.0,85.0,T8-D4,4.07,19.35,56.0,393.6,80.0,14.3,55.0,4.83,1,0
Pine,4x4,89,512,26.0,119.8,T10-D5,4.89,50.88,210.1,1400.4,76.3,11.1,61.2,5.46,0,0
Pine,4x4,89,512,26.0,109.1,T8-D4,3.68,72.98,210.2,1092.5,61.9,5.5,75.7,7.75,0,0
Spruce,2x8,38,402,28.0,95.6,T8-D4,4.56,19.1,57.8,380.3,77.0,12.9,58.3,5.32,1,0
Fir,2x6,38,471,27.0,89.3,T10-D5,2.57,18.78,43.5,350.5,89.6,20.4,44.6,3.61,1,1
Pine,2x10,38,512,26.0,95.7,T8-D4,3.92,19.19,73.7,487.2,76.5,12.7,58.9,5.39,1,0
Pine,2x10,38,512,26.0,119.3,T6-D3,2.03,18.84,192.5,1021.8,63.5,7.4,70.8,7.27,1,1
Pine,2x10,38,512,26.0,100.9,T6-D3,3.54,19.34,140.2,764.9,65.0,8.1,68.6,6.95,1,0
Spruce,4x4,89,402,28.0,103.9,T6-D3,2.87,72.2,209.7,960.3,55.4,3.5,83.1,9.02,0,0
Spruce,2x8,38,402,28.0,104.4,T6-D3,3.33,18.25,117.6,658.1,64.9,8.1,68.8,6.97,1,1
Spruce,2x6,38,402,28.0,100.8,T10-D5,4.63,19.05,39.2,295.4,86.9,18.5,48.1,4.01,1,0
Spruce,4x4,89,402,28.0,71.8,T8-D4,4.16,21.78,210.5,1533.2,83.1,15.8,51.2,4.31,0,0
Spruce,2x10,38,402,28.0,91.2,T8-D4,4.71,19.38,54.3,370.5,78.1,13.5,57.0,5.13,1,0
Fir,2x6,38,471,27.0,79.5,T8-D4,3.77,18.34,52.0,379.7,82.2,15.4,52.4,4.47,1,1
Spruce,2x8,38,402,28.0,63.7,T6-D3,4.82,19.07,63.4,384.8,70.5,11.0,60.0,5.75,1,0
Spruce,2x10,38,402,28.0,83.6,T8-D4,4.31,18.94,48.9,349.9,80.7,14.7,54.1,4.72,1,1
Fir,4x4,89,471,27.0,91.9,T6-D3,2.38,65.67,209.6,982.4,57.0,4.0,81.1,8.67,0,0
Spruce,2x10,38,402,28.0,103.2,T8-D4,2.0,18.28,82.1,537.5,75.5,12.2,60.0,5.55,1,1
Fir,2x6,38,471,27.0,93.6,T8-D4,2.98,19.2,71.8,479.1,77.3,13.1,57.9,5.26,1,0
Fir,2x10,38,471,27.0,99.6,T10-D5,4.26,17.86,43.5,338.0,87.0,18.6,47.9,3.99,1,1
Fir,2x6,38,471,27.0,89.2,T8-D4,2.5,19.55,71.3,479.4,78.6,13.7,56.5,5.06,1,0
Fir,2x4,38,471,27.0,92.1,T6-D3,3.68,19.39,115.6,651.9,66.2,8.7,66.8,6.69,1,0
Fir,2x8,38,471,27.0,83.0,T10-D5,2.37,18.86,40.1,319.9,91.9,21.8,41.6,3.26,1,1
Spruce,2x8,38,402,28.0,86.5,T6-D3,4.29,19.85,90.6,524.4,67.0,9.1,65.5,6.5,1,0
Pine,2x10,38,512,26.0,105.6,T8-D4,4.2,18.83,80.4,522.6,74.5,11.8,61.1,5.7,1,1
Fir,4x4,89,471,27.0,103.2,T10-D5,3.64,36.25,209.9,1500.6,81.4,14.4,54.4,4.67,0,0
Pine,2x8,38,512,26.0,112.8,T10-D5,2.68,18.94,61.7,463.3,84.4,16.9,51.2,4.37,1,1
Pine,2x8,38,512,26.0,116.4,T8-D4,2.21,18.72,109.3,697.2,73.1,11.1,62.7,5.94,1,1
Spruce,2x4,38,402,28.0,90.6,T6-D3,3.17,18.29,105.1,597.2,66.4,8.8,66.4,6.64,1,1
Pine,4x4,89,512,26.0,102.0,T6-D3,4.35,73.34,209.4,954.8,55.2,3.4,83.5,9.07,0,0
Pine,2x10,38,512,26.0,101.6,T10-D5,4.35,18.92,47.1,359.6,86.2,18.1,48.9,4.1,1,1
Spruce,2x10,38,402,28.0,99.1,T8-D4,2.83,18.8,70.2,461.6,76.2,12.6,59.1,5.43,1,1
Spruce,2x6,38,402,28.0,113.2,T10-D5,2.34,18.62,54.2,416.5,84.9,17.2,50.6,4.3,1,1
Fir,2x4,38,471,27.0,84.2,T8-D4,2.79,18.17,62.3,436.2,80.3,14.5,54.6,4.78,1,1
Pine,2x6,38,512,26.0,101.8,T8-D4,2.23,18.82,94.6,618.2,75.2,12.1,60.3,5.59,1,1
Fir,2x6,38,471,27.0,96.9,T8-D4,2.05,19.33,83.7,567.1,76.6,12.7,58.7,5.38,1,0
Fir,2x10,38,471,27.0,83.7,T6-D3,2.52,18.46,116.6,676.4,67.5,9.3,64.8,6.41,1,1
Fir,4x4,89,471,27.0,95.5,T8-D4,3.76,53.95,209.9,1209.0,67.6,7.4,70.4,6.85,0,0
Fir,2x4,38,471,27.0,92.2,T8-D4,4.82,18.52,61.7,416.3,77.7,13.2,57.6,5.2,1,1
Pine,2x4,38,512,26.0,120.9,T8-D4,4.23,18.73,94.1,589.4,72.5,10.8,63.3,6.02,1,1
Fir,2x4,38,471,27.0,87.6,T8-D4,4.99,18.04,56.8,393.6,79.0,13.9,56.0,4.98,1,1
Spruce,2x4,38,402,28.0,83.3,T10-D5,2.15,17.88,37.4,298.2,91.9,21.9,41.7,3.28,1,1
Pine,2x6,38,512,26.0,82.6,T10-D5,3.15,18.87,37.3,313.4,91.8,21.8,41.7,3.27,1,1
Pine,2x4,38,512,26.0,124.7,T8-D4,4.96,18.52,91.8,573.0,72.1,10.6,63.7,6.09,1,1
Fir,2x4,38,471,27.0,95.0,T8-D4,4.6,18.8,65.0,434.2,77.0,12.9,58.3,5.31,1,1
Pine,2x10,38,512,26.0,110.0,T6-D3,4.35,17.58,143.2,780.8,64.1,7.7,69.8,7.13,1,1
Spruce,2x10,38,402,28.0,89.3,T8-D4,3.22,18.83,58.5,399.0,78.7,13.7,56.4,5.04,1,1
Fir,2x6,38,471,27.0,85.4,T8-D4,4.77,18.33,55.2,387.2,79.8,14.3,55.1,4.85,1,1
Fir,2x10,38,471,27.0,103.7,T8-D4,4.42,17.89,73.4,471.5,75.2,12.1,60.3,5.6,1,1
Pine,2x10,38,512,26.0,119.2,T10-D5,4.48,18.46,56.1,416.8,83.7,16.4,52.2,4.48,1,1
Spruce,2x6,38,402,28.0,102.7,T8-D4,2.7,18.68,74.4,476.3,75.6,12.3,59.8,5.54,1,1
Spruce,2x6,38,402,28.0,66.6,T10-D5,3.03,18.11,23.6,209.0,96.6,25.4,35.9,2.66,1,1
Pine,2x10,38,512,26.0,124.6,T8-D4,2.35,19.27,115.2,720.2,72.2,10.7,63.7,6.08,1,0
Spruce,2x4,38,402,28.0,108.4,T8-D4,4.2,19.84,69.1,445.6,74.6,11.8,61.0,5.7,1,0
Fir,2x8,38,471,27.0,87.6,T8-D4,4.25,19.0,59.5,403.1,79.0,13.9,56.0,4.98,1,1
Spruce,2x8,38,402,28.0,85.9,T8-D4,3.24,19.3,55.5,375.4,79.7,14.2,55.3,4.88,1,0
Spruce,2x6,38,402,28.0,94.5,T6-D3,4.84,19.84,96.7,544.7,65.9,8.6,67.1,6.74,1,0
Pine,2x4,38,512,26.0,108.0,T8-D4,3.18,18.91,89.5,583.9,74.2,11.6,61.4,5.76,1,1
Spruce,2x4,38,402,28.0,106.2,T10-D5,4.02,18.66,43.6,323.6,85.9,17.9,49.3,4.15,1,1
Spruce,2x10,38,402,28.0,107.8,T8-D4,4.26,18.76,68.3,442.0,74.7,11.9,60.8,5.67,1,1
Pine,2x4,38,512,26.0,104.6,T8-D4,3.53,19.52,84.3,546.8,74.7,11.8,60.9,5.68,1,0
Pine,2x4,38,512,26.0,105.9,T10-D5,4.71,19.15,48.2,362.6,85.5,17.6,49.8,4.21,1,0
Spruce,2x4,38,402,28.0,91.5,T6-D3,3.13,19.63,106.0,596.2,66.3,8.8,66.6,6.66,1,0
Pine,2x8,38,512,26.0,103.2,T8-D4,3.12,18.9,86.5,559.2,75.0,11.9,60.6,5.64,1,1
Pine,2x8,38,512,26.0,131.7,T10-D5,4.53,17.97,61.6,442.8,82.5,15.6,53.7,4.65,1,1
Spruce,2x6,38,402,28.0,111.1,T8-D4,3.56,18.24,75.1,475.7,74.3,11.7,61.3,5.75,1,1
Fir,2x10,38,471,27.0,88.6,T6-D3,4.67,19.09,104.1,594.8,66.6,8.9,66.1,6.59,1,0
Pine,2x10,38,512,26.0,98.1,T10-D5,3.62,19.5,47.8,358.0,86.9,18.5,48.0,4.0,1,0
Fir,2x4,38,471,27.0,93.5,T8-D4,2.64,18.71,74.1,503.9,77.4,13.1,57.8,5.25,1,1
Spruce,2x6,38,402,28.0,101.1,T8-D4,3.15,19.48,69.2,461.8,75.8,12.4,59.6,5.5,1,0
Pine,2x4,38,512,26.0,88.7,T8-D4,4.82,19.46,61.1,417.7,78.4,13.5,56.8,5.08,1,0
Pine,4x4,89,512,26.0,107.7,T8-D4,4.47,69.11,210.4,1111.9,62.8,5.8,75.0,7.61,0,0
Spruce,2x10,38,402,28.0,88.3,T8-D4,3.39,18.15,57.3,393.2,79.0,13.9,56.1,4.99,1,1
Pine,2x4,38,512,26.0,120.1,T10-D5,4.66,18.8,55.3,411.0,83.5,16.3,52.4,4.5,1,1
Pine,4x4,89,512,26.0,121.4,T6-D3,2.28,94.55,209.5,922.8,54.0,3.0,85.0,9.32,0,0
Fir,2x8,38,471,27.0,74.7,T10-D5,3.22,19.34,31.2,258.2,94.4,23.7,38.5,2.92,1,0
Pine,2x8,38,512,26.0,85.2,T10-D5,3.24,18.12,39.3,313.9,90.7,21.1,43.1,3.43,1,1
Fir,2x8,38,471,27.0,101.5,T8-D4,2.42,19.76,85.0,564.3,75.6,12.3,59.8,5.53,1,0
Pine,2x10,38,512,26.0,126.8,T8-D4,2.63,19.16,114.1,712.8,72.0,10.6,63.9,6.12,1,0
Fir,2x8,38,471,27.0,87.0,T10-D5,3.09,19.19,39.9,316.7,90.3,20.8,43.7,3.5,1,0
Spruce,2x4,38,402,28.0,104.0,T6-D3,3.66,19.21,114.3,629.4,64.9,8.1,68.7,6.97,1,0
Pine,2x6,38,512,26.0,117.8,T8-D4,4.51,19.43,90.4,568.7,72.9,11.0,62.9,5.97,1,0
Pine,2x10,38,512,26.0,72.1,T10-D5,3.61,18.47,29.9,246.7,94.9,24.1,37.9,2.86,1,1
Pine,2x6,38,512,26.0,83.9,T10-D5,3.75,19.25,36.4,298.0,91.3,21.5,42.4,3.35,1,0
Fir,2x8,38,471,27.0,83.3,T8-D4,4.59,18.9,52.8,381.3,80.7,14.7,54.2,4.72,1,1
Fir,2x4,38,471,27.0,87.5,T10-D5,2.09,19.3,45.0,362.9,90.1,20.7,43.8,3.52,1,0
Fir,4x4,89,471,27.0,88.4,T6-D3,3.01,62.39,209.7,1007.0,58.0,4.3,79.8,8.47,0,0
Pine,2x6,38,512,26.0,128.5,T8-D4,2.17,17.64,121.8,751.6,71.8,10.5,64.1,6.14,1,1
Spruce,2x10,38,402,28.0,78.7,T10-D5,3.1,18.4,30.6,256.3,93.6,23.0,39.5,3.02,1,1
Pine,2x6,38,512,26.0,94.0,T10-D5,4.12,19.11,43.3,330.6,87.9,19.2,46.7,3.84,1,0
Pine,2x8,38,512,26.0,107.6,T6-D3,2.52,19.51,165.0,897.3,64.3,7.8,69.6,7.09,1,0
Fir,2x6,38,471,27.0,79.6,T8-D4,3.09,18.28,55.6,401.0,82.2,15.4,52.4,4.47,1,1
Spruce,2x6,38,402,28.0,91.7,T8-D4,3.61,19.39,58.8,392.3,78.0,13.4,57.2,5.15,1,0
Spruce,2x10,38,402,28.0,106.4,T8-D4,4.51,18.65,65.6,427.0,74.9,12.0,60.6,5.65,1,1
Fir,2x4,38,471,27.0,102.3,T8-D4,4.71,18.81,71.0,462.0,75.5,12.2,59.9,5.55,1,1
Pine,2x10,38,512,26.0,96.8,T10-D5,4.8,19.38,42.6,326.8,87.2,18.7,47.6,3.96,1,0
Fir,4x4,89,471,27.0,98.8,T8-D4,4.71,54.96,209.0,1198.2,66.8,7.2,71.1,6.97,0,0
Pine,2x8,38,512,26.0,128.6,T10-D5,4.68,18.26,58.6,436.7,82.7,15.8,53.4,4.62,1,1
Spruce,2x4,38,402,28.0,125.4,T8-D4,3.56,19.1,84.8,535.9,72.6,10.9,63.1,6.01,1,0
Pine,2x6,38,512,26.0,98.5,T6-D3,3.13,18.49,141.8,788.3,65.2,8.3,68.2,6.89,1,1
Pine,2x6,38,512,26.0,120.5,T10-D5,4.83,18.83,55.4,412.7,83.5,16.3,52.4,4.51,1,1
Spruce,2x4,38,402,28.0,111.5,T8-D4,4.11,19.16,72.7,461.2,74.2,11.6,61.4,5.76,1,0
Spruce,2x6,38,402,28.0,87.8,T8-D4,4.48,18.36,53.0,358.9,79.1,13.9,55.9,4.97,1,1
Spruce,2x10,38,402,28.0,70.0,T8-D4,3.5,19.82,40.7,303.8,84.2,16.7,49.6,4.14,1,0
Fir,2x8,38,471,27.0,87.5,T8-D4,2.71,18.42,66.8,462.1,79.1,13.9,55.9,4.97,1,1
Spruce,2x8,38,402,28.0,88.6,T10-D5,3.18,18.98,36.1,295.6,90.0,20.6,44.1,3.56,1,1
Spruce,4x4,89,402,28.0,87.3,T8-D4,4.79,34.04,210.8,1359.8,74.7,10.7,62.1,5.67,0,0
Fir,2x8,38,471,27.0,85.9,T8-D4,2.09,18.97,70.7,494.1,79.7,14.2,55.3,4.88,1,1
Spruce,2x8,38,402,28.0,111.6,T6-D3,2.89,19.81,129.9,711.0,64.2,7.8,69.7,7.11,1,0
Spruce,2x8,38,402,28.0,100.6,T8-D4,3.37,19.74,67.6,438.8,76.0,12.5,59.4,5.48,1,0
Fir,2x6,38,471,27.0,93.5,T8-D4,2.43,18.58,76.7,515.9,77.4,13.1,57.8,5.24,1,1
Pine,2x10,38,512,26.0,122.0,T6-D3,2.49,18.45,183.6,974.7,63.3,7.4,71.1,7.31,1,1
Spruce,2x4,38,402,28.0,98.2,T10-D5,2.57,19.0,44.6,346.0,87.5,19.0,47.2,3.92,1,1
Spruce,2x8,38,402,28.0,83.6,T8-D4,2.17,19.75,60.3,421.0,80.7,14.6,54.2,4.72,1,0
Fir,2x10,38,471,27.0,76.8,T8-D4,4.07,18.57,48.7,350.8,82.7,15.7,51.8,4.4,1,1
Spruce,2x10,38,402,28.0,97.8,T10-D5,2.36,19.82,45.8,344.9,87.4,18.9,47.4,3.93,1,0
Pine,2x10,38,512,26.0,82.9,T8-D4,3.9,19.5,58.6,414.3,80.6,14.6,54.3,4.73,1,0
Fir,2x10,38,471,27.0,85.7,T8-D4,2.32,19.37,67.8,484.5,79.8,14.2,55.2,4.87,1,0
Pine,2x4,38,512,26.0,122.2,T10-D5,2.25,18.29,70.1,516.1,83.4,16.2,52.5,4.52,1,1
Pine,4x4,89,512,26.0,120.5,T8-D4,4.69,80.92,210.5,1051.6,60.0,5.0,77.2,8.04,0,0
Fir,2x6,38,471,27.0,69.3,T8-D4,4.24,19.01,43.2,314.3,84.4,16.8,49.4,4.11,1,0
Fir,2x6,38,471,27.0,80.9,T8-D4,3.04,19.78,57.5,403.8,81.7,15.1,53.0,4.55,1,0
Spruce,2x4,38,402,28.0,100.2,T8-D4,3.08,19.16,68.1,455.4,76.0,12.5,59.4,5.47,1,0
Pine,2x4,38,512,26.0,109.0,T8-D4,2.63,18.39,97.6,621.1,74.1,11.5,61.6,5.78,1,1
Pine,4x4,89,512,26.0,99.3,T8-D4,4.29,61.37,209.7,1154.0,64.9,6.3,73.3,7.29,0,0
Fir,2x4,38,471,27.0,74.1,T8-D4,4.81,18.58,45.1,333.3,83.2,16.0,51.1,4.31,1,1
Spruce,2x4,38,402,28.0,83.4,T8-D4,2.21,18.89,59.5,419.2,80.6,14.6,54.3,4.73,1,1
Fir,2x4,38,471,27.0,89.1,T8-D4,2.69,19.04,69.1,473.2,78.5,13.6,56.6,5.06,1,0
Spruce,2x4,38,402,28.0,114.2,T10-D5,4.89,18.44,45.4,340.7,84.8,17.2,50.8,4.32,1,1
Spruce,2x10,38,402,28.0,96.2,T8-D4,2.09,18.14,73.7,496.1,76.8,12.9,58.4,5.33,1,1
Fir,2x8,38,471,27.0,62.4,T8-D4,2.94,18.6,39.9,305.2,86.6,18.2,46.3,3.74,1,1
Pine,2x6,38,512,26.0,102.7,T8-D4,2.13,19.52,96.7,625.8,75.1,12.0,60.4,5.62,1,0
Fir,4x4,89,471,27.0,81.0,T6-D3,4.83,50.84,210.0,1090.7,61.6,5.8,74.5,7.67,0,0
Pine,2x6,38,512,26.0,117.5,T8-D4,3.64,18.81,95.7,599.2,72.9,11.0,62.9,5.97,1,1
Fir,2x8,38,471,27.0,74.3,T10-D5,4.14,19.48,28.4,239.3,94.4,23.7,38.5,2.92,1,0
Pine,2x8,38,512,26.0,99.4,T10-D5,3.2,19.27,50.6,386.6,86.6,18.4,48.3,4.04,1,0
Spruce,2x6,38,402,28.0,100.3,T6-D3,4.82,18.31,102.1,561.3,65.3,8.3,68.1,6.89,1,1
Fir,2x4,38,471,27.0,100.0,T6-D3,2.51,18.75,140.6,777.3,65.2,8.3,68.2,6.9,1,1
Spruce,2x4,38,402,28.0,89.2,T8-D4,3.81,18.57,56.0,381.0,78.7,13.7,56.4,5.04,1,1
Spruce,2x6,38,402,28.0,93.1,T10-D5,2.64,18.71,41.7,329.9,88.7,19.8,45.8,3.75,1,1
Pine,2x4,38,512,26.0,111.5,T8-D4,2.92,18.56,96.7,614.2,73.7,11.4,62.0,5.84,1,1
Pine,2x6,38,512,26.0,117.1,T8-D4,4.13,18.72,92.2,567.0,73.0,11.0,62.8,5.96,1,1
Spruce,2x8,38,402,28.0,102.6,T10-D5,2.67,18.33,46.0,357.1,86.6,18.4,48.4,4.05,1,1
Spruce,2x6,38,402,28.0,104.7,T8-D4,4.61,19.27,65.8,421.5,75.2,12.1,60.2,5.59,1,0
Fir,4x4,89,471,27.0,78.9,T8-D4,4.42,31.47,209.8,1437.5,78.6,12.5,57.7,5.03,0,0
Pine,2x6,38,512,26.0,133.5,T6-D3,2.1,18.51,207.8,1087.6,62.7,7.1,72.0,7.44,1,1
Spruce,2x10,38,402,28.0,83.0,T10-D5,4.69,18.23,28.8,239.3,92.0,21.9,41.6,3.26,1,1
Fir,2x4,38,471,27.0,89.7,T6-D3,3.64,20.01,113.3,624.8,66.5,8.9,66.3,6.62,1,0
Fir,2x6,38,471,27.0,95.5,T8-D4,3.98,18.87,67.9,445.9,76.9,12.9,58.4,5.32,1,1
Pine,2x8,38,512,26.0,120.7,T8-D4,3.28,18.02,101.0,635.5,72.5,10.8,63.3,6.02,1,1
Spruce,2x8,38,402,28.0,97.6,T8-D4,2.39,18.36,71.7,483.6,76.6,12.8,58.7,5.38,1,1
Spruce,2x4,38,402,28.0,109.1,T8-D4,2.59,19.09,81.0,527.7,74.5,11.8,61.0,5.7,1,0
Fir,2x6,38,471,27.0,74.9,T8-D4,2.28,18.63,56.8,412.8,83.1,15.9,51.3,4.33,1,1
Pine,2x4,38,512,26.0,114.3,T8-D4,4.24,18.38,88.1,566.6,73.3,11.2,62.4,5.9,1,1
Pine,2x4,38,512,26.0,105.2,T10-D5,3.0,18.95,54.4,409.9,85.5,17.6,49.8,4.2,1,1
Fir,2x10,38,471,27.0,84.4,T8-D4,4.02,19.73,57.1,399.3,80.2,14.4,54.7,4.79,1,0
Pine,4x4,89,512,26.0,120.8,T10-D5,3.78,57.42,210.2,1360.1,74.7,10.0,63.3,5.72,0,0
Pine,2x10,38,512,26.0,86.1,T10-D5,4.18,19.39,37.2,302.6,90.3,20.8,43.7,3.49,1,0
Pine,2x8,38,512,26.0,98.0,T8-D4,4.27,18.64,73.2,485.0,76.0,12.5,59.4,5.46,1,1
Spruce,4x4,89,402,28.0,97.4,T10-D5,2.38,31.41,210.0,1552.5,83.7,16.1,51.3,4.32,0,0
Pine,4x4,89,512,26.0,123.2,T6-D3,3.21,93.46,209.5,930.8,54.0,3.0,85.0,9.32,0,0
Fir,4x4,89,471,27.0,76.4,T10-D5,3.7,19.01,167.7,1422.1,94.0,23.4,39.0,2.97,1,0
Spruce,4x4,89,402,28.0,91.6,T8-D4,2.72,46.87,210.0,1264.5,70.1,8.5,67.6,6.43,0,0
Spruce,2x6,38,402,28.0,71.4,T6-D3,4.67,18.73,71.8,430.0,69.3,10.3,62.0,6.02,1,1
Pine,4x4,89,512,26.0,95.2,T10-D5,3.78,31.44,210.4,1562.2,84.1,16.3,50.8,4.26,0,0
Spruce,2x10,38,402,28.0,116.1,T8-D4,4.62,18.79,71.9,463.2,73.6,11.4,62.0,5.86,1,1
Spruce,2x10,38,402,28.0,90.7,T8-D4,3.85,19.15,56.8,382.4,78.2,13.5,56.9,5.11,1,0
Fir,4x4,89,471,27.0,96.8,T8-D4,2.26,63.29,210.3,1150.3,65.1,6.4,73.1,7.26,0,0
Fir,2x8,38,471,27.0,74.1,T6-D3,3.49,19.33,94.0,542.9,68.9,10.1,62.6,6.1,1,0
Spruce,2x8,38,402,28.0,85.4,T10-D5,3.75,19.53,32.5,276.3,91.1,21.4,42.7,3.39,1,0
Spruce,2x10,38,402,28.0,103.5,T8-D4,3.67,18.84,67.7,452.5,75.4,12.2,60.1,5.57,1,1
Pine,2x10,38,512,26.0,76.2,T8-D4,4.27,18.24,50.6,362.2,82.7,15.7,51.8,4.39,1,1
Fir,2x4,38,471,27.0,85.8,T8-D4,2.19,17.88,69.7,479.3,79.7,14.2,55.3,4.88,1,1
Spruce,2x8,38,402,28.0,83.9,T8-D4,3.06,18.68,54.1,387.6,80.6,14.6,54.3,4.74,1,1
Pine,2x8,38,512,26.0,102.1,T8-D4,3.33,18.87,84.0,546.6,75.2,12.1,60.3,5.6,1,1
Spruce,2x6,38,402,28.0,73.4,T8-D4,3.81,19.56,42.1,310.2,83.4,16.2,50.7,4.27,1,0
Spruce,2x10,38,402,28.0,121.0,T6-D3,4.2,19.55,125.1,675.0,63.6,7.5,70.6,7.25,1,0
Spruce,2x8,38,402,28.0,105.6,T8-D4,3.59,19.6,70.4,457.7,75.1,12.1,60.4,5.61,1,0
Spruce,2x8,38,402,28.0,85.9,T6-D3,3.3,18.97,98.8,563.3,67.2,9.2,65.3,6.47,1,1
Pine,2x8,38,512,26.0,89.1,T8-D4,4.75,18.4,62.5,419.9,78.3,13.5,56.9,5.11,1,1
Fir,2x6,38,471,27.0,100.4,T10-D5,2.98,17.88,49.1,385.4,86.8,18.5,48.1,4.02,1,1
Pine,4x4,89,512,26.0,116.0,T6-D3,4.69,84.69,209.2,929.8,54.0,3.0,85.0,9.32,0,0
Pine,4x4,89,512,26.0,81.0,T6-D3,2.68,58.57,209.9,1053.5,60.1,5.1,76.8,7.99,0,0
Pine,2x6,38,512,26.0,90.6,T8-D4,4.71,18.49,63.7,434.3,77.9,13.3,57.3,5.16,1,1
Pine,2x8,38,512,26.0,127.1,T10-D5,3.76,18.59,63.4,458.0,82.8,15.8,53.2,4.6,1,1
Pine,2x6,38,512,26.0,117.8,T8-D4,3.8,18.94,95.6,598.2,72.8,11.0,63.0,5.98,1,1
Fir,2x4,38,471,27.0,86.5,T8-D4,2.55,18.57,67.3,475.1,79.5,14.1,55.5,4.91,1,1
Pine,2x8,38,512,26.0,91.8,T8-D4,2.24,18.75,81.2,547.7,77.5,13.1,57.7,5.22,1,1
Fir,2x8,38,471,27.0,55.7,T6-D3,3.19,19.95,69.5,425.0,71.9,11.8,57.8,5.46,1,0
Fir,2x10,38,471,27.0,95.6,T6-D3,2.08,20.31,142.7,795.3,65.7,8.5,67.5,6.79,1,0
Fir,2x6,38,471,27.0,80.9,T6-D3,3.62,19.05,100.8,584.8,68.0,9.6,64.1,6.29,1,0
Spruce,2x4,38,402,28.0,83.9,T8-D4,4.27,19.02,49.3,345.3,80.5,14.6,54.4,4.75,1,0
Spruce,2x8,38,402,28.0,91.8,T6-D3,4.78,18.69,93.7,532.6,66.2,8.8,66.7,6.67,1,1
Fir,2x8,38,471,27.0,94.5,T8-D4,3.24,19.78,71.5,478.5,77.1,13.0,58.2,5.29,1,0
Fir,4x4,89,471,27.0,90.0,T8-D4,2.29,52.83,210.3,1247.2,68.9,7.9,69.1,6.64,0,0
Pine,2x10,38,512,26.0,127.7,T6-D3,2.84,18.67,183.2,971.0,63.0,7.2,71.6,7.38,1,1
Spruce,2x4,38,402,28.0,101.0,T8-D4,4.93,18.69,61.4,395.4,75.8,12.4,59.6,5.5,1,1
Fir,2x4,38,471,27.0,77.0,T10-D5,4.41,19.07,30.1,236.2,93.8,23.2,39.2,2.99,1,0
Spruce,2x10,38,402,28.0,83.4,T10-D5,2.41,19.78,35.7,288.3,91.7,21.8,41.9,3.3,1,0
Fir,2x8,38,471,27.0,83.2,T8-D4,3.77,19.17,56.6,391.4,80.7,14.6,54.2,4.72,1,0
Fir,2x8,38,471,27.0,97.0,T8-D4,2.63,18.52,77.7,524.6,76.6,12.7,58.8,5.38,1,1
Spruce,4x4,89,402,28.0,103.2,T8-D4,4.39,53.97,209.4,1185.6,66.5,7.1,71.4,7.02,0,0
Spruce,4x4,89,402,28.0,88.3,T6-D3,4.08,55.18,210.4,1031.8,59.2,4.9,78.0,8.2,0,0
Spruce,4x4,89,402,28.0,97.5,T8-D4,2.31,56.57,209.6,1187.8,66.2,6.9,71.9,7.07,0,0
Spruce,2x8,38,402,28.0,106.2,T10-D5,2.59,18.99,49.8,375.8,85.9,17.9,49.3,4.15,1,1
Fir,2x4,38,471,27.0,72.3,T8-D4,4.74,18.99,43.1,316.9,83.6,16.3,50.5,4.24,1,1
Fir,2x6,38,471,27.0,69.4,T8-D4,3.67,19.71,44.1,331.9,84.4,16.8,49.4,4.11,1,0
Fir,2x6,38,471,27.0,82.5,T8-D4,4.14,18.8,54.6,375.4,81.0,14.8,53.8,4.66,1,1
Fir,2x4,38,471,27.0,76.4,T8-D4,2.88,18.31,54.9,395.3,82.7,15.7,51.8,4.39,1,1
Spruce,2x10,38,402,28.0,85.0,T10-D5,4.66,19.07,30.7,243.3,91.3,21.5,42.5,3.36,1,0
Fir,2x4,38,471,27.0,81.1,T6-D3,2.0,18.31,121.3,700.3,68.0,9.6,64.1,6.3,1,1
Spruce,2x10,38,402,28.0,97.1,T8-D4,4.04,19.17,60.7,402.9,76.7,12.8,58.7,5.37,1,0
Spruce,2x4,38,402,28.0,94.1,T6-D3,2.99,19.14,111.9,626.8,66.0,8.6,67.1,6.73,1,0
Fir,2x6,38,471,27.0,95.3,T6-D3,2.62,18.23,133.6,742.7,65.7,8.5,67.5,6.79,1,1
Spruce,2x10,38,402,28.0,88.4,T8-D4,2.97,19.03,59.8,415.7,79.0,13.9,56.1,4.99,1,0
Pine,2x8,38,512,26.0,122.0,T8-D4,4.71,18.7,91.9,568.7,72.4,10.7,63.5,6.05,1,1
Fir,2x6,38,471,27.0,88.1,T8-D4,4.78,18.96,57.7,395.1,78.9,13.8,56.1,5.0,1,1
Pine,4x4,89,512,26.0,92.9,T8-D4,2.16,61.91,209.6,1166.3,65.8,6.6,72.5,7.15,0,0
Fir,2x8,38,471,27.0,83.7,T10-D5,2.41,18.99,40.8,332.2,91.6,21.7,42.0,3.31,1,1
Fir,2x10,38,471,27.0,77.4,T8-D4,4.35,18.95,49.1,359.5,82.6,15.6,51.9,4.41,1,1
Fir,4x4,89,471,27.0,96.9,T6-D3,4.15,67.05,209.4,975.1,56.5,3.8,81.7,8.78,0,0
Fir,2x6,38,471,27.0,85.9,T8-D4,2.57,19.73,66.1,474.9,79.7,14.2,55.3,4.88,1,0
Spruce,2x8,38,402,28.0,100.7,T8-D4,2.32,19.43,75.3,506.4,75.9,12.4,59.5,5.48,1,0
Spruce,2x10,38,402,28.0,106.2,T8-D4,2.34,18.67,81.3,532.0,75.0,12.0,60.5,5.63,1,1
Fir,2x8,38,471,27.0,84.1,T8-D4,4.59,18.88,53.4,380.5,80.4,14.5,54.5,4.77,1,1
Pine,4x4,89,512,26.0,99.9,T6-D3,2.37,77.07,209.7,926.2,54.7,3.2,84.1,9.18,0,0
Spruce,2x4,38,402,28.0,111.8,T8-D4,3.25,18.73,77.5,492.9,74.1,11.6,61.5,5.77,1,1
Pine,2x4,38,512,26.0,128.3,T6-D3,2.83,19.31,184.6,973.5,63.0,7.2,71.6,7.38,1,0
Spruce,2x10,38,402,28.0,85.4,T6-D3,3.13,20.23,99.5,582.4,67.2,9.2,65.2,6.46,1,0
Pine,2x6,38,512,26.0,112.2,T6-D3,2.36,18.86,174.4,945.2,64.0,7.7,70.1,7.17,1,1
Spruce,2x6,38,402,28.0,83.3,T6-D3,4.23,19.33,88.1,507.8,67.6,9.4,64.6,6.38,1,0
Pine,2x6,38,512,26.0,108.4,T6-D3,2.57,18.69,164.9,902.5,64.3,7.8,69.6,7.1,1,1
Spruce,2x8,38,402,28.0,98.3,T8-D4,3.53,18.81,65.2,431.7,76.4,12.7,58.9,5.4,1,1
Pine,2x6,38,512,26.0,95.4,T8-D4,4.98,19.52,68.1,448.2,76.6,12.7,58.8,5.38,1,0
Fir,2x4,38,471,27.0,71.6,T10-D5,2.41,18.94,31.9,273.6,95.0,24.2,37.7,2.84,1,1
Fir,4x4,89,471,27.0,64.2,T10-D5,4.72,18.88,123.1,1075.0,97.3,26.0,34.9,2.56,1,1
Spruce,2x4,38,402,28.0,83.2,T10-D5,4.75,19.05,29.5,235.3,92.0,21.9,41.6,3.26,1,0
Spruce,4x4,89,402,28.0,77.2,T6-D3,3.32,47.33,209.8,1104.0,62.6,6.3,72.9,7.44,0,0
Fir,2x10,38,471,27.0,81.6,T8-D4,3.51,19.58,56.6,401.8,81.4,15.0,53.4,4.6,1,0
Pine,4x4,89,512,26.0,94.8,T8-D4,4.49,55.07,209.6,1206.5,67.4,7.3,70.6,6.88,0,0
Pine,2x8,38,512,26.0,104.3,T8-D4,3.24,18.76,86.3,554.7,74.8,11.9,60.7,5.66,1,1
Spruce,4x4,89,402,28.0,110.8,T6-D3,4.29,73.72,210.6,936.9,55.0,3.3,83.7,9.11,0,0
Fir,4x4,89,471,27.0,96.8,T6-D3,4.81,66.01,209.9,978.0,56.7,3.9,81.5,8.74,0,0
Pine,2x10,38,512,26.0,114.5,T8-D4,3.07,18.36,97.6,624.4,73.3,11.2,62.5,5.91,1,1
Spruce,2x4,38,402,28.0,106.7,T6-D3,2.71,18.21,129.6,707.9,64.7,8.0,69.0,7.02,1,1
Fir,2x8,38,471,27.0,63.0,T8-D4,2.58,17.77,43.0,314.6,86.3,18.1,46.7,3.78,1,1
Spruce,2x4,38,402,28.0,81.7,T8-D4,2.08,19.5,58.3,413.0,81.4,15.0,53.4,4.6,1,0
Fir,4x4,89,471,27.0,80.5,T8-D4,2.24,40.69,210.0,1380.3,75.8,10.7,61.8,5.52,0,0
Pine,2x4,38,512,26.0,138.1,T8-D4,2.33,19.69,127.3,784.0,71.1,10.1,64.9,6.26,1,0
Pine,4x4,89,512,26.0,102.9,T8-D4,3.6,66.22,209.9,1126.7,63.5,6.0,74.4,7.5,0,0
Spruce,2x4,38,402,28.0,127.1,T6-D3,2.01,18.97,161.7,863.3,63.3,7.3,71.2,7.32,1,1
Spruce,2x8,38,402,28.0,98.6,T8-D4,2.68,19.02,69.9,464.9,76.3,12.6,59.0,5.41,1,0
Spruce,2x6,38,402,28.0,96.3,T10-D5,2.57,19.19,43.5,331.9,87.9,19.2,46.8,3.87,1,0
Fir,2x8,38,471,27.0,96.9,T8-D4,4.55,18.57,66.6,445.4,76.5,12.7,58.8,5.38,1,1
Pine,2x10,38,512,26.0,101.7,T10-D5,4.54,18.55,47.0,348.0,86.3,18.2,48.8,4.1,1,1
Pine,4x4,89,512,26.0,141.5,T8-D4,3.86,96.05,209.8,1048.8,60.0,5.0,77.2,8.04,0,0
Pine,2x4,38,512,26.0,96.7,T8-D4,3.45,17.62,77.0,515.1,76.3,12.6,59.1,5.43,1,1
Spruce,2x6,38,402,28.0,87.5,T8-D4,3.53,18.75,55.5,383.8,79.2,14.0,55.8,4.95,1,1
Spruce,2x4,38,402,28.0,100.7,T10-D5,3.65,18.38,42.6,324.4,86.9,18.6,48.0,4.0,1,1
Pine,2x10,38,512,26.0,110.4,T8-D4,2.93,19.33,94.5,607.5,73.8,11.4,61.9,5.83,1,0
Pine,2x10,38,512,26.0,94.7,T10-D5,3.84,18.51,45.1,349.2,87.8,19.1,46.9,3.87,1,1
Fir,4x4,89,471,27.0,81.7,T6-D3,4.33,52.73,209.4,1072.1,61.1,5.6,75.2,7.77,0,0
Fir,4x4,89,471,27.0,79.2,T8-D4,3.91,32.61,210.0,1430.3,78.2,12.2,58.3,5.11,0,0
Fir,2x6,38,471,27.0,85.5,T8-D4,3.31,19.32,60.7,427.6,79.8,14.2,55.2,4.86,1,0
Pine,2x8,38,512,26.0,118.2,T8-D4,2.17,18.47,112.5,706.8,72.8,11.0,63.0,5.98,1,1
Pine,4x4,89,512,26.0,97.5,T6-D3,2.36,75.07,209.9,940.1,55.3,3.4,83.3,9.05,0,0
Spruce,2x10,38,402,28.0,97.9,T8-D4,3.59,17.95,64.5,424.1,76.4,12.7,58.9,5.4,1,1
Spruce,2x6,38,402,28.0,74.7,T8-D4,3.97,18.69,41.8,316.4,83.1,15.9,51.2,4.32,1,1
Fir,2x10,38,471,27.0,96.8,T10-D5,3.51,18.56,44.5,342.3,87.5,19.0,47.2,3.91,1,1
Pine,2x6,38,512,26.0,107.3,T6-D3,3.87,18.69,144.2,793.4,64.4,7.9,69.5,7.08,1,1
Pine,4x4,89,512,26.0,132.5,T8-D4,3.37,91.5,209.9,1058.1,60.0,5.0,77.2,8.04,0,0
Pine,2x8,38,512,26.0,112.5,T8-D4,4.48,18.78,86.5,544.2,73.6,11.3,62.2,5.86,1,1
Spruce,2x10,38,402,28.0,99.6,T8-D4,3.15,19.82,68.1,447.1,76.1,12.5,59.3,5.45,1,0
Fir,2x8,38,471,27.0,72.6,T8-D4,3.71,18.37,46.9,341.4,83.5,16.2,50.7,4.26,1,1
Pine,2x10,38,512,26.0,120.6,T10-D5,4.61,20.11,56.1,402.4,83.5,16.3,52.4,4.51,1,0
Pine,2x8,38,512,26.0,100.3,T8-D4,2.87,18.59,84.7,557.4,75.5,12.2,60.0,5.55,1,1
Pine,2x4,38,512,26.0,107.3,T8-D4,2.49,18.77,96.8,614.0,74.2,11.6,61.4,5.75,1,1
Pine,2x6,38,512,26.0,113.4,T8-D4,4.72,19.8,85.2,542.6,73.4,11.2,62.3,5.89,1,0
Fir,4x4,89,471,27.0,82.3,T8-D4,4.55,34.38,210.4,1400.9,76.6,11.4,60.2,5.37,0,0
Fir,4x4,89,471,27.0,75.2,T8-D4,2.58,34.99,210.4,1433.8,78.4,12.3,58.1,5.07,0,0
Fir,2x10,38,471,27.0,90.7,T8-D4,2.9,18.56,68.7,472.6,78.1,13.4,57.1,5.13,1,1
Pine,4x4,89,512,26.0,92.4,T6-D3,2.98,68.26,209.9,980.3,56.8,3.9,81.4,8.73,0,0
Spruce,2x10,38,402,28.0,76.9,T10-D5,4.43,18.26,26.8,221.8,94.0,23.3,39.0,2.98,1,1
Spruce,2x10,38,402,28.0,81.8,T8-D4,4.49,19.44,46.4,333.2,81.4,15.0,53.3,4.6,1,0
Spruce,2x4,38,402,28.0,102.1,T8-D4,4.79,18.47,62.1,409.2,75.7,12.3,59.7,5.52,1,1
Fir,2x8,38,471,27.0,74.9,T8-D4,4.86,18.11,45.3,322.1,83.0,15.9,51.3,4.34,1,1
Spruce,4x4,89,402,28.0,119.7,T10-D5,4.22,40.5,210.3,1434.3,78.7,12.6,58.1,5.1,0,0
Spruce,2x4,38,402,28.0,100.1,T6-D3,2.73,18.83,120.8,665.3,65.3,8.3,68.1,6.88,1,1
Spruce,2x6,38,402,28.0,97.7,T6-D3,4.86,19.41,100.4,551.0,65.5,8.4,67.7,6.83,1,0
Spruce,2x8,38,402,28.0,91.6,T8-D4,3.51,18.91,59.3,402.9,78.0,13.4,57.1,5.15,1,1
Fir,2x8,38,471,27.0,91.2,T8-D4,4.73,19.69,60.7,412.7,78.0,13.4,57.2,5.16,1,0
Pine,2x10,38,512,26.0,121.9,T8-D4,4.27,18.98,95.1,593.8,72.5,10.8,63.3,6.04,1,1
Pine,4x4,89,512,26.0,97.2,T6-D3,4.47,68.82,210.6,969.3,56.1,3.7,82.2,8.86,0,0
Fir,4x4,89,471,27.0,94.9,T6-D3,2.39,69.24,209.2,972.7,56.4,3.8,81.9,8.82,0,0
Spruce,2x10,38,402,28.0,94.8,T8-D4,4.46,18.83,57.6,387.1,77.2,13.0,58.1,5.29,1,1
Pine,2x6,38,512,26.0,112.9,T8-D4,3.06,19.72,97.1,616.3,73.5,11.3,62.2,5.87,1,0
Spruce,2x4,38,402,28.0,90.8,T6-D3,2.06,18.27,120.0,680.6,66.4,8.8,66.4,6.64,1,1
Fir,2x10,38,471,27.0,97.3,T8-D4,2.34,19.89,81.5,533.4,76.5,12.7,58.9,5.39,1,0
Spruce,2x4,38,402,28.0,106.7,T8-D4,3.46,19.05,71.9,458.2,74.8,11.9,60.7,5.66,1,0
Fir,2x4,38,471,27.0,77.1,T8-D4,3.21,19.03,52.7,377.1,82.6,15.6,51.9,4.41,1,0
Pine,4x4,89,512,26.0,106.2,T8-D4,2.95,71.78,210.4,1084.4,62.1,5.6,75.5,7.72,0,0
Fir,2x4,38,471,27.0,81.8,T6-D3,4.43,18.9,96.3,550.1,67.9,9.5,64.3,6.33,1,1
Fir,2x4,38,471,27.0,84.2,T8-D4,4.6,18.7,54.0,378.3,80.3,14.5,54.6,4.78,1,1
Pine,2x4,38,512,26.0,114.7,T8-D4,2.4,19.09,105.5,666.2,73.2,11.1,62.5,5.91,1,0
Fir,2x8,38,471,27.0,77.4,T8-D4,4.43,18.51,47.3,350.4,82.6,15.6,52.0,4.41,1,1
Fir,2x10,38,471,27.0,87.3,T8-D4,4.53,18.6,57.9,399.6,79.2,14.0,55.9,4.96,1,1
Pine,2x10,38,512,26.0,93.4,T8-D4,4.78,19.69,66.3,443.2,77.1,12.9,58.2,5.29,1,0
Spruce,2x8,38,402,28.0,108.3,T8-D4,2.37,19.99,83.0,530.8,74.6,11.8,60.9,5.69,1,0
Fir,2x10,38,471,27.0,81.6,T8-D4,4.67,18.58,50.9,363.9,81.4,15.0,53.4,4.61,1,1
Spruce,2x10,38,402,28.0,95.9,T10-D5,2.42,19.04,45.0,344.9,87.9,19.2,46.8,3.87,1,0
Fir,2x10,38,471,27.0,96.6,T10-D5,2.72,19.33,47.6,373.6,87.6,19.1,47.1,3.9,1,0
Fir,2x6,38,471,27.0,76.8,T6-D3,3.79,19.29,94.4,559.3,68.6,9.9,63.2,6.17,1,0
Fir,2x8,38,471,27.0,97.1,T6-D3,4.86,18.22,112.0,625.1,65.5,8.4,67.8,6.83,1,1
Fir,2x4,38,471,27.0,73.6,T8-D4,4.28,18.95,45.1,324.8,83.3,16.1,50.9,4.29,1,1
Spruce,2x8,38,402,28.0,100.9,T8-D4,3.52,19.01,67.0,448.1,75.9,12.4,59.5,5.49,1,0
Spruce,2x10,38,402,28.0,74.3,T8-D4,2.18,18.44,51.3,375.8,83.3,16.1,51.0,4.29,1,1
Fir,2x8,38,471,27.0,102.0,T10-D5,2.88,18.45,51.1,382.7,86.6,18.4,48.4,4.06,1,1
Spruce,2x6,38,402,28.0,75.1,T6-D3,4.26,19.22,77.8,461.3,68.8,10.0,62.8,6.13,1,0
Fir,4x4,89,471,27.0,78.5,T8-D4,3.9,32.38,210.0,1428.7,78.4,12.3,58.0,5.07,0,0
Pine,2x4,38,512,26.0,108.8,T6-D3,3.96,18.67,144.6,791.2,64.2,7.8,69.7,7.11,1,1
Spruce,2x8,38,402,28.0,77.1,T6-D3,2.91,19.36,90.9,535.6,68.6,9.9,63.1,6.17,1,0
Fir,2x10,38,471,27.0,77.2,T6-D3,3.5,19.42,96.9,572.7,68.5,9.8,63.3,6.19,1,0
Pine,4x4,89,512,26.0,94.4,T10-D5,3.5,30.75,209.9,1556.8,84.2,16.4,50.7,4.24,0,0
Pine,2x8,38,512,26.0,91.8,T8-D4,3.57,19.4,70.7,481.7,77.5,13.1,57.8,5.23,1,0
Fir,4x4,89,471,27.0,95.0,T8-D4,3.93,51.23,209.9,1212.1,68.1,7.6,69.8,6.77,0,0
Fir,4x4,89,471,27.0,89.6,T6-D3,3.16,61.42,210.4,1003.5,57.8,4.3,80.1,8.52,0,0
Pine,4x4,89,512,26.0,131.9,T6-D3,3.31,99.13,210.8,929.5,54.0,3.0,85.0,9.32,0,0
Pine,2x6,38,512,26.0,83.9,T6-D3,2.67,18.38,126.4,724.2,67.3,9.3,65.1,6.44,1,1
Fir,2x8,38,471,27.0,92.6,T8-D4,2.77,19.34,71.8,492.0,77.6,13.2,57.7,5.22,1,0
Pine,2x6,38,512,26.0,114.0,T6-D3,3.78,19.05,154.5,826.8,63.8,7.6,70.3,7.19,1,0
Fir,2x6,38,471,27.0,83.0,T8-D4,3.19,19.08,59.5,420.3,80.8,14.7,54.1,4.7,1,0
Spruce,4x4,89,402,28.0,93.0,T8-D4,2.92,47.57,209.6,1254.2,69.7,8.3,68.1,6.51,0,0
Spruce,2x8,38,402,28.0,73.6,T10-D5,4.67,17.53,25.1,208.8,94.6,23.9,38.3,2.9,1,1
Pine,2x6,38,512,26.0,114.7,T8-D4,3.26,18.03,96.1,615.0,73.3,11.2,62.4,5.91,1,1
Spruce,4x4,89,402,28.0,100.8,T8-D4,2.27,62.0,209.8,1147.3,64.8,6.3,73.4,7.31,0,0
Pine,4x4,89,512,26.0,111.4,T6-D3,3.76,83.02,209.7,929.0,54.0,3.0,85.0,9.32,0,0
Spruce,2x4,38,402,28.0,109.3,T8-D4,2.82,19.76,79.2,513.7,74.5,11.8,61.1,5.71,1,0
Fir,2x6,38,471,27.0,88.8,T8-D4,2.38,18.54,70.9,493.2,78.7,13.7,56.5,5.05,1,1
Pine,4x4,89,512,26.0,129.4,T10-D5,3.74,66.14,210.4,1330.6,73.2,9.2,65.3,5.96,0,0
Pine,4x4,89,512,26.0,102.9,T8-D4,4.85,62.85,210.3,1141.0,64.2,6.1,73.8,7.4,0,0
Pine,2x10,38,512,26.0,120.0,T6-D3,3.45,18.61,164.7,877.4,63.4,7.4,70.9,7.28,1,1
Fir,2x4,38,471,27.0,93.8,T8-D4,4.5,18.89,63.7,435.3,77.3,13.1,58.0,5.26,1,1
Fir,2x4,38,471,27.0,91.9,T10-D5,2.31,18.87,47.3,370.5,88.9,19.9,45.5,3.71,1,1
Spruce,2x4,38,402,28.0,88.6,T8-D4,2.21,19.5,65.3,460.7,78.8,13.8,56.3,5.02,1,0
Fir,2x4,38,471,27.0,101.9,T6-D3,3.27,18.74,132.9,736.6,65.0,8.2,68.5,6.94,1,1
Spruce,2x6,38,402,28.0,118.7,T8-D4,3.97,18.99,78.0,498.0,73.3,11.2,62.3,5.9,1,1
Fir,4x4,89,471,27.0,86.7,T6-D3,3.37,60.43,210.3,1013.0,58.5,4.5,79.2,8.37,0,0
Pine,2x8,38,512,26.0,96.5,T8-D4,2.68,18.52,82.9,550.7,76.4,12.6,59.0,5.41,1,1
Spruce,2x10,38,402,28.0,96.6,T8-D4,4.29,18.71,59.6,405.2,76.8,12.9,58.5,5.34,1,1
Pine,2x4,38,512,26.0,103.3,T8-D4,2.01,18.45,99.0,636.4,74.9,11.9,60.6,5.64,1,1
Fir,4x4,89,471,27.0,83.3,T8-D4,3.37,40.12,210.0,1353.3,74.6,10.3,62.9,5.71,0,0
Pine,2x10,38,512,26.0,99.7,T10-D5,5.0,18.42,43.9,335.2,86.5,18.3,48.4,4.05,1,1
Spruce,2x10,38,402,28.0,95.9,T8-D4,3.89,18.77,60.5,410.4,76.9,12.9,58.4,5.33,1,1
Spruce,2x8,38,402,28.0,92.6,T8-D4,2.78,18.49,64.7,423.7,77.7,13.3,57.4,5.19,1,1
Fir,4x4,89,471,27.0,89.0,T10-D5,2.41,28.44,210.4,1608.6,86.4,17.9,47.8,3.91,0,0
Pine,4x4,89,512,26.0,125.3,T10-D5,3.34,65.14,209.8,1328.9,73.5,9.4,64.9,5.91,0,0
Spruce,2x8,38,402,28.0,91.7,T10-D5,3.42,19.43,37.7,303.0,89.0,20.0,45.3,3.69,1,0
Pine,2x10,38,512,26.0,92.5,T8-D4,3.81,19.89,69.8,469.3,77.3,13.0,58.0,5.27,1,0
Fir,4x4,89,471,27.0,99.4,T8-D4,3.52,59.63,210.0,1156.0,65.1,6.4,73.1,7.25,0,0
Pine,2x8,38,512,26.0,134.8,T8-D4,2.02,18.7,131.0,795.9,71.3,10.2,64.7,6.23,1,1
Fir,2x6,38,471,27.0,77.6,T6-D3,3.06,18.85,102.9,603.8,68.5,9.8,63.3,6.19,1,1
Fir,4x4,89,471,27.0,86.2,T6-D3,3.62,58.61,210.0,1035.2,58.8,4.7,78.6,8.28,0,0
Spruce,2x4,38,402,28.0,92.3,T8-D4,4.75,19.51,55.1,379.4,77.8,13.4,57.3,5.18,1,0
Pine,2x4,38,512,26.0,106.3,T8-D4,2.74,19.2,93.0,602.5,74.4,11.7,61.2,5.72,1,0
Fir,2x8,38,471,27.0,87.5,T6-D3,3.13,18.54,116.2,654.9,66.8,9.0,65.8,6.55,1,1
Fir,2x4,38,471,27.0,87.0,T6-D3,3.22,19.18,114.1,634.1,66.9,9.0,65.7,6.53,1,0
Fir,2x6,38,471,27.0,91.5,T10-D5,4.0,17.82,40.0,308.5,88.9,20.0,45.4,3.71,1,1
Fir,2x4,38,471,27.0,95.3,T8-D4,4.33,19.68,65.4,437.6,76.9,12.9,58.4,5.33,1,0
Fir,2x10,38,471,27.0,89.0,T10-D5,4.4,19.19,36.9,298.3,89.8,20.5,44.4,3.58,1,0
Spruce,2x8,38,402,28.0,106.4,T8-D4,2.02,19.06,84.4,548.0,75.0,12.0,60.5,5.64,1,0
Pine,2x4,38,512,26.0,121.8,T6-D3,2.36,19.12,186.3,997.0,63.3,7.4,71.1,7.31,1,0
Spruce,4x4,89,402,28.0,88.4,T10-D5,2.42,20.81,210.1,1664.6,89.4,20.1,44.7,3.6,0,0
Fir,2x6,38,471,27.0,78.9,T10-D5,4.48,19.09,30.4,254.5,93.5,23.0,39.6,3.03,1,0
Spruce,4x4,89,402,28.0,96.5,T10-D5,2.15,31.87,210.9,1552.2,83.7,16.0,51.4,4.32,0,0
Spruce,2x8,38,402,28.0,103.7,T10-D5,2.13,18.9,51.3,390.2,86.4,18.2,48.7,4.09,1,1
Spruce,2x10,38,402,28.0,85.5,T8-D4,3.38,18.82,54.2,389.5,79.9,14.3,55.0,4.84,1,1
Pine,2x4,38,512,26.0,112.0,T6-D3,3.94,18.92,149.0,808.5,64.0,7.7,70.1,7.17,1,1
Fir,2x8,38,471,27.0,71.3,T8-D4,2.22,19.3,53.8,397.4,83.8,16.4,50.2,4.21,1,0
Spruce,2x10,38,402,28.0,88.4,T8-D4,3.36,19.09,58.0,403.2,79.0,13.9,56.1,4.99,1,0
Pine,2x10,38,512,26.0,106.5,T8-D4,4.56,18.63,79.7,517.0,74.4,11.7,61.2,5.72,1,1
Spruce,2x10,38,402,28.0,102.9,T8-D4,4.37,18.13,64.9,418.0,75.6,12.3,59.9,5.54,1,1
Pine,2x4,38,512,26.0,94.9,T8-D4,3.25,18.93,76.8,507.7,76.7,12.7,58.7,5.36,1,1
Fir,2x4,38,471,27.0,62.9,T6-D3,2.58,18.78,85.0,503.4,70.7,11.1,59.7,5.71,1,1
Pine,2x8,38,512,26.0,101.5,T8-D4,3.02,19.48,85.2,553.3,75.3,12.1,60.2,5.58,1,0
Spruce,2x4,38,402,28.0,102.6,T10-D5,4.18,20.11,41.2,313.6,86.5,18.3,48.6,4.07,1,0
Spruce,2x8,38,402,28.0,72.3,T8-D4,2.51,18.61,47.2,347.4,83.7,16.4,50.4,4.23,1,1
Pine,2x10,38,512,26.0,91.9,T8-D4,4.02,18.46,68.5,455.4,77.5,13.1,57.8,5.23,1,1
Fir,2x10,38,471,27.0,73.3,T8-D4,2.23,19.31,54.3,405.0,83.4,16.2,50.8,4.27,1,0
Fir,2x4,38,471,27.0,74.3,T10-D5,4.75,19.79,28.1,239.2,94.5,23.8,38.4,2.91,1,0
Fir,2x6,38,471,27.0,75.2,T8-D4,2.57,18.48,54.0,400.2,83.0,15.9,51.4,4.35,1,1
Pine,4x4,89,512,26.0,108.4,T8-D4,4.2,69.99,208.5,1098.2,62.4,5.7,75.3,7.67,0,0
Pine,2x6,38,512,26.0,106.1,T8-D4,2.61,18.47,94.3,608.0,74.5,11.7,61.1,5.72,1,1
Fir,2x10,38,471,27.0,102.5,T8-D4,2.35,19.31,87.1,568.1,75.4,12.2,60.0,5.56,1,0
Fir,2x6,38,471,27.0,99.0,T8-D4,3.86,19.29,70.8,486.5,76.2,12.5,59.2,5.44,1,0
Pine,2x8,38,512,26.0,104.8,T8-D4,2.35,18.92,95.8,618.0,74.7,11.9,60.8,5.67,1,1
Spruce,2x8,38,402,28.0,101.6,T6-D3,4.02,18.5,110.5,603.9,65.1,8.2,68.3,6.92,1,1
Spruce,4x4,89,402,28.0,94.0,T8-D4,4.99,42.19,210.3,1283.1,71.0,9.0,66.4,6.28,0,0
Pine,2x4,38,512,26.0,90.0,T8-D4,3.7,19.41,67.1,461.1,78.0,13.4,57.2,5.14,1,0
Spruce,2x8,38,402,28.0,72.9,T6-D3,4.66,19.36,74.2,447.7,69.1,10.2,62.3,6.06,1,0
Fir,2x10,38,471,27.0,82.8,T8-D4,2.72,18.74,61.5,440.5,80.8,14.7,54.0,4.69,1,1
Pine,2x8,38,512,26.0,80.2,T8-D4,4.78,18.88,52.3,378.4,81.8,15.1,53.0,4.55,1,1
Pine,4x4,89,512,26.0,112.3,T8-D4,2.73,78.72,209.9,1052.4,60.1,5.0,77.1,8.02,0,0
Spruce,2x6,38,402,28.0,89.4,T8-D4,3.22,19.51,58.8,392.1,78.6,13.7,56.5,5.05,1,0
Pine,2x10,38,512,26.0,114.9,T6-D3,3.5,18.9,158.0,846.0,63.8,7.6,70.4,7.21,1,1
Fir,4x4,89,471,27.0,85.0,T8-D4,2.66,45.6,209.4,1318.0,72.8,9.5,64.9,6.0,0,0
Spruce,2x6,38,402,28.0,106.5,T6-D3,2.27,18.98,135.0,734.8,64.7,8.0,69.0,7.01,1,1
Pine,2x10,38,512,26.0,124.5,T8-D4,3.86,19.02,99.6,619.0,72.2,10.7,63.6,6.08,1,0
Pine,2x8,38,512,26.0,104.2,T6-D3,3.39,19.37,147.4,808.1,64.6,8.0,69.1,7.02,1,0
Spruce,2x4,38,402,28.0,101.9,T10-D5,4.88,19.6,39.3,298.5,86.6,18.4,48.4,4.04,1,0
Fir,4x4,89,471,27.0,75.8,T8-D4,4.29,29.47,210.5,1463.4,79.6,13.2,56.2,4.86,0,0
Pine,2x4,38,512,26.0,93.8,T6-D3,2.91,19.46,139.4,779.2,65.8,8.5,67.4,6.77,1,0
Pine,2x8,38,512,26.0,94.1,T8-D4,2.07,19.21,86.3,591.0,76.9,12.8,58.5,5.33,1,0
Pine,2x10,38,512,26.0,136.4,T10-D5,4.67,18.85,62.4,447.0,82.0,15.3,54.3,4.72,1,1
Spruce,4x4,89,402,28.0,98.0,T8-D4,2.94,53.53,209.5,1205.4,67.1,7.2,70.9,6.93,0,0
Spruce,2x6,38,402,28.0,104.4,T8-D4,2.95,19.04,73.1,477.7,75.3,12.1,60.2,5.59,1,0
Spruce,2x6,38,402,28.0,112.6,T6-D3,2.38,18.67,140.1,762.1,64.2,7.8,69.8,7.12,1,1
Fir,4x4,89,471,27.0,89.9,T8-D4,3.91,46.03,209.9,1283.9,70.9,8.8,66.8,6.31,0,0
Spruce,2x6,38,402,28.0,88.3,T8-D4,2.02,18.81,66.9,459.6,79.0,13.9,56.0,4.99,1,1
Pine,2x4,38,512,26.0,102.9,T8-D4,4.84,18.92,74.7,489.9,75.0,12.0,60.5,5.63,1,1
Spruce,4x4,89,402,28.0,95.7,T8-D4,4.4,45.91,209.4,1258.3,69.8,8.4,67.8,6.48,0,0
Pine,2x8,38,512,26.0,119.1,T8-D4,4.15,18.87,93.5,580.5,72.7,10.9,63.0,5.99,1,1
Fir,2x8,38,471,27.0,87.6,T10-D5,4.2,18.9,36.9,289.8,90.1,20.7,43.9,3.53,1,1
Pine,2x4,38,512,26.0,107.4,T8-D4,3.9,18.23,85.4,546.0,74.3,11.7,61.3,5.74,1,1
Fir,2x10,38,471,27.0,82.8,T10-D5,4.05,18.74,33.6,280.9,92.1,22.1,41.3,3.24,1,1
Pine,4x4,89,512,26.0,100.8,T8-D4,4.24,62.17,209.9,1142.4,64.5,6.2,73.6,7.35,0,0
Fir,2x6,38,471,27.0,93.3,T10-D5,4.32,19.19,40.1,310.2,88.4,19.6,46.1,3.78,1,0
Fir,2x6,38,471,27.0,77.3,T8-D4,3.31,19.32,53.3,384.5,82.6,15.6,51.9,4.41,1,0
Fir,2x6,38,471,27.0,88.3,T10-D5,3.55,19.55,38.5,312.3,89.9,20.5,44.2,3.56,1,0
Fir,4x4,89,471,27.0,85.9,T8-D4,2.81,44.89,210.2,1310.9,72.4,9.3,65.3,6.06,0,0
Spruce,2x8,38,402,28.0,102.5,T8-D4,4.52,18.71,63.7,410.6,75.6,12.3,59.8,5.53,1,1
Fir,2x8,38,471,27.0,93.9,T6-D3,3.04,18.37,125.1,701.9,65.9,8.6,67.2,6.75,1,1
Fir,2x4,38,471,27.0,89.8,T8-D4,3.97,19.31,62.5,431.5,78.4,13.6,56.7,5.09,1,0
Pine,2x10,38,512,26.0,145.1,T6-D3,3.78,18.76,184.8,962.9,62.2,6.8,72.7,7.55,1,1
Fir,2x4,38,471,27.0,75.0,T8-D4,2.2,19.31,56.7,407.5,83.0,15.9,51.3,4.34,1,0
Fir,2x4,38,471,27.0,86.0,T6-D3,3.57,19.16,109.0,620.7,67.1,9.1,65.5,6.5,1,0
Spruce,4x4,89,402,28.0,99.7,T10-D5,4.05,22.39,209.2,1597.3,86.0,17.8,48.9,4.08,0,0
Spruce,2x6,38,402,28.0,103.9,T8-D4,3.61,19.65,69.3,450.4,75.3,12.1,60.2,5.58,1,0
Fir,4x4,89,471,27.0,81.6,T10-D5,4.19,19.05,178.7,1470.0,92.6,22.3,40.8,3.17,1,0
Spruce,2x8,38,402,28.0,93.5,T10-D5,2.03,18.6,45.6,357.0,88.6,19.7,45.9,3.77,1,1
Fir,2x6,38,471,27.0,84.6,T8-D4,2.57,18.07,64.9,449.8,80.1,14.4,54.8,4.81,1,1
Fir,2x6,38,471,27.0,83.2,T8-D4,4.25,17.97,53.7,378.7,80.6,14.6,54.3,4.73,1,1
Spruce,2x8,38,402,28.0,102.5,T8-D4,2.0,18.75,81.8,538.6,75.6,12.3,59.8,5.53,1,1
Pine,4x4,89,512,26.0,114.9,T6-D3,4.46,84.16,210.6,920.1,54.0,3.0,85.0,9.32,0,0
Fir,2x10,38,471,27.0,87.1,T8-D4,2.51,19.01,68.5,471.3,79.2,13.9,55.9,4.96,1,0
Fir,2x4,38,471,27.0,85.1,T8-D4,4.74,19.39,53.5,377.4,79.9,14.3,55.0,4.84,1,0
Spruce,2x4,38,402,28.0,82.1,T8-D4,2.75,18.67,54.5,392.3,81.2,14.9,53.5,4.63,1,1
Spruce,2x8,38,402,28.0,98.2,T8-D4,2.35,18.86,73.7,498.6,76.4,12.7,58.9,5.41,1,1
Spruce,2x10,38,402,28.0,74.7,T8-D4,3.56,18.7,43.9,326.9,83.2,16.0,51.1,4.31,1,1
Fir,2x6,38,471,27.0,88.5,T8-D4,2.17,19.83,73.7,512.6,78.8,13.8,56.3,5.02,1,0
Fir,2x6,38,471,27.0,106.4,T8-D4,2.92,19.03,85.6,555.7,74.8,11.9,60.8,5.67,1,0
Pine,2x10,38,512,26.0,128.8,T8-D4,2.21,18.42,122.4,751.2,71.8,10.5,64.1,6.14,1,1
Fir,2x4,38,471,27.0,84.2,T10-D5,4.84,18.5,32.3,271.4,91.3,21.5,42.4,3.35,1,1
Pine,2x10,38,512,26.0,134.0,T8-D4,2.68,19.21,119.2,727.4,71.4,10.3,64.6,6.21,1,0
Spruce,2x10,38,402,28.0,93.0,T8-D4,2.57,19.31,66.4,443.2,77.7,13.3,57.5,5.2,1,0
Spruce,2x6,38,402,28.0,85.2,T8-D4,3.25,18.35,54.3,377.8,80.0,14.4,54.9,4.83,1,1
Pine,2x4,38,512,26.0,100.3,T10-D5,3.16,19.37,51.1,383.8,86.5,18.2,48.6,4.06,1,0
Pine,2x4,38,512,26.0,139.1,T8-D4,4.62,19.42,105.3,639.3,71.0,10.1,65.0,6.27,1,0
Pine,2x4,38,512,26.0,126.7,T8-D4,4.59,18.44,96.3,584.3,71.9,10.5,64.0,6.12,1,1
Pine,2x8,38,512,26.0,95.1,T10-D5,3.25,18.39,47.4,360.2,87.6,19.0,47.1,3.89,1,1
Spruce,4x4,89,402,28.0,113.9,T10-D5,2.88,43.65,209.3,1434.5,78.5,12.5,58.2,5.12,0,0
Pine,2x4,38,512,26.0,98.2,T8-D4,2.8,18.49,83.8,541.7,76.0,12.4,59.5,5.48,1,1
Pine,2x6,38,512,26.0,97.7,T10-D5,4.57,18.52,43.0,335.7,87.1,18.7,47.7,3.97,1,1
Spruce,2x4,38,402,28.0,111.8,T10-D5,4.67,18.95,43.8,326.7,85.1,17.4,50.4,4.28,1,1
Pine,2x10,38,512,26.0,92.9,T6-D3,2.03,18.82,153.6,860.2,65.9,8.6,67.2,6.75,1,1
Spruce,2x6,38,402,28.0,99.9,T10-D5,3.33,18.45,42.8,333.7,87.1,18.7,47.8,3.97,1,1
Fir,4x4,89,471,27.0,100.8,T8-D4,4.65,56.62,210.0,1166.7,65.8,6.7,72.2,7.14,0,0
Fir,2x10,38,471,27.0,74.9,T8-D4,4.51,18.42,45.9,334.7,83.1,15.9,51.2,4.33,1,1
Fir,2x6,38,471,27.0,81.5,T8-D4,4.72,19.29,50.3,364.5,81.4,15.0,53.4,4.6,1,0
Fir,2x6,38,471,27.0,74.4,T6-D3,2.94,19.05,99.8,571.7,68.8,10.0,62.7,6.11,1,0
Fir,2x10,38,471,27.0,86.9,T8-D4,3.2,19.34,62.6,435.4,79.3,14.0,55.7,4.94,1,0
Spruce,4x4,89,402,28.0,87.5,T8-D4,3.4,39.44,209.7,1326.9,73.2,9.8,64.2,5.93,0,0
Fir,2x10,38,471,27.0,98.6,T8-D4,3.39,18.75,74.0,499.3,76.2,12.5,59.2,5.44,1,1
Spruce,4x4,89,402,28.0,93.7,T8-D4,4.32,43.59,209.8,1272.2,70.7,8.8,66.8,6.33,0,0
Pine,2x6,38,512,26.0,148.6,T10-D5,4.13,17.69,70.8,499.3,81.2,14.8,55.3,4.84,1,1
Pine,2x6,38,512,26.0,121.4,T6-D3,4.89,18.72,149.0,793.7,63.3,7.4,71.0,7.3,1,1
Pine,4x4,89,512,26.0,93.8,T6-D3,3.1,69.54,209.8,969.4,56.5,3.8,81.8,8.79,0,0
Spruce,4x4,89,402,28.0,71.3,T8-D4,4.57,18.72,210.4,1558.3,83.8,16.4,50.2,4.2,0,1
Pine,4x4,89,512,26.0,113.6,T8-D4,2.83,80.72,209.1,1051.6,60.0,5.0,77.2,8.04,0,0
Spruce,2x4,38,402,28.0,95.0,T6-D3,3.73,19.29,105.1,582.5,65.8,8.5,67.3,6.77,1,0
Pine,2x6,38,512,26.0,102.1,T10-D5,3.3,18.54,50.6,392.7,86.1,18.0,49.0,4.11,1,1
Spruce,2x4,38,402,28.0,103.2,T8-D4,2.97,18.77,72.3,474.3,75.5,12.2,60.0,5.56,1,1
Pine,2x8,38,512,26.0,107.3,T8-D4,4.7,19.11,80.5,514.6,74.3,11.7,61.3,5.74,1,0
Pine,2x6,38,512,26.0,140.0,T10-D5,3.59,18.55,70.0,506.1,81.8,15.2,54.5,4.75,1,1
Fir,2x8,38,471,27.0,93.5,T8-D4,3.07,18.68,71.6,478.3,77.3,13.1,58.0,5.26,1,1
Spruce,2x8,38,402,28.0,111.4,T10-D5,3.95,18.29,46.2,355.9,85.2,17.4,50.2,4.26,1,1
Pine,2x10,38,512,26.0,140.2,T10-D5,2.52,19.08,77.1,554.1,81.8,15.2,54.5,4.76,1,0
Pine,2x6,38,512,26.0,80.3,T6-D3,3.28,18.84,112.2,659.3,68.0,9.6,64.0,6.29,1,1
Pine,4x4,89,512,26.0,105.1,T10-D5,4.6,37.46,210.8,1485.5,80.6,13.9,55.4,4.79,0,0
Pine,4x4,89,512,26.0,100.0,T8-D4,4.92,60.43,210.5,1153.6,65.0,6.3,73.2,7.28,0,0
Pine,2x8,38,512,26.0,110.6,T8-D4,4.11,19.19,86.5,549.5,73.8,11.4,61.9,5.83,1,0
Fir,2x6,38,471,27.0,80.9,T8-D4,2.38,19.46,61.3,451.3,81.7,15.1,53.1,4.56,1,0
Pine,2x4,38,512,26.0,120.5,T8-D4,3.31,19.1,101.1,625.3,72.6,10.9,63.2,6.02,1,0
Spruce,2x4,38,402,28.0,82.4,T10-D5,2.91,17.41,33.4,275.0,92.3,22.2,41.1,3.21,1,1
Pine,2x10,38,512,26.0,106.2,T8-D4,4.0,19.27,82.8,535.3,74.4,11.7,61.2,5.72,1,0
Fir,2x8,38,471,27.0,72.6,T10-D5,4.3,18.16,27.1,229.9,94.8,24.0,38.0,2.87,1,1
Fir,2x4,38,471,27.0,85.2,T10-D5,2.84,18.03,39.3,322.6,91.0,21.3,42.8,3.4,1,1
Fir,2x8,38,471,27.0,76.3,T10-D5,2.68,19.22,34.2,289.8,94.1,23.4,38.9,2.96,1,0
Fir,4x4,89,471,27.0,92.6,T6-D3,4.2,62.66,210.6,993.8,57.4,4.1,80.6,8.6,0,0
Pine,2x6,38,512,26.0,103.8,T10-D5,2.46,19.17,57.1,444.8,85.8,17.8,49.4,4.17,1,0
Spruce,2x6,38,402,28.0,94.2,T10-D5,3.15,18.12,40.0,318.4,88.3,19.5,46.2,3.8,1,1
Fir,2x8,38,471,27.0,87.1,T8-D4,3.47,18.75,62.2,428.0,79.2,14.0,55.8,4.95,1,1
Pine,2x4,38,512,26.0,126.3,T10-D5,3.56,19.03,63.6,458.0,82.9,15.9,53.1,4.59,1,0
Fir,2x6,38,471,27.0,81.8,T8-D4,4.77,18.83,51.3,360.7,81.3,14.9,53.5,4.62,1,1
Fir,2x4,38,471,27.0,96.7,T8-D4,4.21,18.59,67.5,437.4,76.6,12.7,58.8,5.38,1,1
Fir,4x4,89,471,27.0,79.5,T8-D4,3.86,33.17,209.6,1430.7,78.0,12.1,58.5,5.13,0,0
Pine,4x4,89,512,26.0,116.1,T10-D5,2.13,64.4,210.1,1344.9,73.9,9.6,64.4,5.84,0,0
Fir,2x6,38,471,27.0,82.6,T8-D4,3.58,18.91,55.8,401.4,80.9,14.8,53.9,4.68,1,1
Spruce,2x10,38,402,28.0,102.9,T10-D5,2.2,19.55,50.5,383.2,86.5,18.4,48.5,4.06,1,0
Pine,2x6,38,512,26.0,96.0,T8-D4,2.21,18.22,87.2,580.9,76.5,12.7,58.9,5.39,1,1
Pine,2x6,38,512,26.0,120.1,T10-D5,2.59,19.33,67.5,482.4,83.6,16.4,52.2,4.49,1,0
Pine,2x4,38,512,26.0,105.6,T8-D4,4.26,18.12,81.5,524.5,74.6,11.8,61.0,5.7,1,1
Spruce,2x10,38,402,28.0,104.4,T10-D5,4.67,18.43,39.1,315.7,86.3,18.2,48.8,4.1,1,1
Spruce,4x4,89,402,28.0,95.0,T8-D4,2.21,55.01,211.0,1200.2,67.4,7.3,70.6,6.88,0,0
Spruce,2x8,38,402,28.0,93.7,T8-D4,2.79,18.13,65.4,445.9,77.4,13.1,57.8,5.24,1,1
Fir,2x6,38,471,27.0,85.1,T6-D3,3.43,18.18,108.8,616.6,67.2,9.2,65.2,6.46,1,1
Spruce,2x8,38,402,28.0,97.0,T8-D4,2.68,19.3,69.2,450.0,76.7,12.8,58.6,5.36,1,0
Pine,2x8,38,512,26.0,120.7,T6-D3,4.27,19.27,155.0,831.3,63.4,7.4,71.0,7.29,1,0
Spruce,2x8,38,402,28.0,104.4,T8-D4,2.8,19.63,74.7,490.3,75.3,12.1,60.2,5.59,1,0
Spruce,2x8,38,402,28.0,79.8,T8-D4,4.38,18.86,44.8,314.7,82.3,15.4,52.4,4.47,1,1
Pine,2x4,38,512,26.0,114.3,T8-D4,3.7,18.97,91.9,582.1,73.3,11.2,62.4,5.9,1,1
Spruce,2x6,38,402,28.0,93.7,T10-D5,4.92,19.19,34.8,271.4,88.4,19.6,46.1,3.78,1,0
Pine,2x4,38,512,26.0,116.5,T10-D5,3.1,18.43,61.1,446.0,84.0,16.6,51.8,4.43,1,1
Pine,2x10,38,512,26.0,111.9,T8-D4,2.85,18.7,97.4,621.0,73.6,11.3,62.1,5.85,1,1
Spruce,2x4,38,402,28.0,91.6,T10-D5,2.8,19.22,39.5,314.6,89.0,20.0,45.3,3.69,1,0
Fir,2x6,38,471,27.0,77.3,T8-D4,3.33,18.55,52.3,375.1,82.6,15.6,51.9,4.41,1,1
Pine,2x6,38,512,26.0,107.8,T8-D4,4.89,18.89,80.0,509.4,74.2,11.6,61.4,5.76,1,1
Pine,4x4,89,512,26.0,129.4,T6-D3,4.28,96.21,209.4,926.6,54.0,3.0,85.0,9.32,0,0
Pine,2x4,38,512,26.0,104.2,T8-D4,2.85,18.97,89.8,576.7,74.8,11.9,60.8,5.66,1,1
Pine,2x6,38,512,26.0,114.0,T10-D5,3.96,18.73,55.5,416.0,84.2,16.8,51.4,4.39,1,1
Pine,2x10,38,512,26.0,108.2,T8-D4,4.01,18.81,84.7,552.6,74.1,11.6,61.5,5.77,1,1
Spruce,2x6,38,402,28.0,85.9,T6-D3,3.33,19.37,98.0,561.6,67.1,9.2,65.3,6.48,1,0
Pine,2x4,38,512,26.0,118.3,T8-D4,4.6,18.21,89.1,561.4,72.8,10.9,63.0,5.98,1,1
Fir,2x8,38,471,27.0,81.7,T8-D4,3.98,18.67,54.5,394.3,81.4,15.0,53.4,4.61,1,1
Fir,4x4,89,471,27.0,97.9,T6-D3,2.24,72.88,209.5,948.5,55.6,3.5,82.9,8.98,0,0
Fir,2x8,38,471,27.0,88.0,T8-D4,3.41,18.97,63.1,435.6,78.9,13.8,56.1,5.0,1,1
Spruce,2x6,38,402,28.0,101.7,T6-D3,4.04,18.46,109.0,607.5,65.1,8.2,68.3,6.92,1,1
Spruce,2x10,38,402,28.0,67.3,T8-D4,4.55,18.77,37.2,266.6,84.9,17.1,48.7,4.03,1,1
Spruce,2x8,38,402,28.0,97.6,T8-D4,3.9,18.43,61.3,419.4,76.6,12.8,58.7,5.38,1,1
Fir,2x4,38,471,27.0,90.5,T8-D4,3.51,19.03,66.4,453.0,78.2,13.5,56.9,5.11,1,0
Fir,2x4,38,471,27.0,98.0,T10-D5,2.07,18.25,53.9,422.2,87.3,18.9,47.4,3.94,1,1
Spruce,2x8,38,402,28.0,106.2,T10-D5,2.39,18.11,50.4,377.4,85.9,17.9,49.3,4.15,1,1
Pine,4x4,89,512,26.0,78.6,T8-D4,3.54,36.31,209.0,1409.2,77.3,11.6,59.6,5.26,0,0
Spruce,4x4,89,402,28.0,90.0,T8-D4,4.06,40.38,209.9,1307.4,72.3,9.4,65.1,6.07,0,0
Fir,4x4,89,471,27.0,86.8,T6-D3,3.96,58.04,210.9,1024.9,58.8,4.6,78.7,8.3,0,0
Pine,2x6,38,512,26.0,89.4,T8-D4,2.86,18.76,72.7,497.7,78.3,13.5,56.9,5.11,1,1
Spruce,2x4,38,402,28.0,87.4,T8-D4,2.38,18.97,62.4,426.8,79.3,14.0,55.7,4.94,1,1
Pine,2x8,38,512,26.0,115.2,T10-D5,4.28,18.64,54.6,403.3,84.1,16.7,51.6,4.41,1,1
Pine,2x8,38,512,26.0,105.9,T8-D4,3.49,18.68,86.2,560.1,74.5,11.7,61.1,5.71,1,1
Fir,2x10,38,471,27.0,89.5,T8-D4,3.15,19.42,65.7,460.6,78.5,13.6,56.7,5.08,1,0
Spruce,4x4,89,402,28.0,65.0,T6-D3,4.61,35.91,211.0,1171.0,65.8,8.0,67.5,6.7,0,0
Pine,2x4,38,512,26.0,96.6,T10-D5,3.34,18.53,47.1,350.9,87.3,18.9,47.4,3.93,1,1
Spruce,2x4,38,402,28.0,84.3,T10-D5,4.44,19.11,30.1,244.9,91.5,21.6,42.2,3.33,1,0
Spruce,2x4,38,402,28.0,101.1,T10-D5,2.64,19.67,46.3,350.3,86.9,18.6,48.0,4.01,1,0
Pine,2x4,38,512,26.0,120.1,T8-D4,2.98,18.98,104.4,651.8,72.6,10.9,63.2,6.01,1,1
Pine,2x10,38,512,26.0,127.8,T8-D4,4.35,18.41,98.7,610.2,71.9,10.5,64.0,6.13,1,1
Pine,4x4,89,512,26.0,141.3,T8-D4,3.76,96.68,209.8,1049.0,60.0,5.0,77.2,8.04,0,0
Fir,2x4,38,471,27.0,89.9,T8-D4,3.5,19.23,64.7,450.1,78.3,13.6,56.8,5.09,1,0
Pine,4x4,89,512,26.0,112.0,T8-D4,2.58,79.69,210.4,1047.4,60.0,5.0,77.2,8.04,0,0
Fir,2x8,38,471,27.0,86.0,T8-D4,3.5,19.39,61.2,417.2,79.6,14.2,55.3,4.89,1,0
Fir,4x4,89,471,27.0,70.5,T8-D4,3.72,26.89,209.6,1495.0,81.6,14.5,53.3,4.53,0,0
Fir,2x4,38,471,27.0,91.9,T10-D5,2.11,17.76,48.4,377.3,88.9,19.9,45.5,3.71,1,1
Pine,2x10,38,512,26.0,113.6,T8-D4,4.14,19.08,88.3,570.7,73.4,11.2,62.3,5.89,1,0
Spruce,2x4,38,402,28.0,85.0,T6-D3,3.6,19.85,94.6,550.1,67.3,9.2,65.1,6.45,1,0
Spruce,2x10,38,402,28.0,101.5,T6-D3,4.52,19.1,105.0,584.1,65.1,8.2,68.4,6.92,1,0
Spruce,2x4,38,402,28.0,100.2,T10-D5,4.52,18.93,39.1,301.6,87.0,18.7,47.9,3.99,1,1
Pine,2x8,38,512,26.0,108.5,T8-D4,4.66,19.49,81.3,518.9,74.1,11.6,61.5,5.77,1,0
Spruce,4x4,89,402,28.0,97.4,T10-D5,3.31,25.12,210.2,1586.6,85.8,17.6,49.0,4.08,0,0
Spruce,2x6,38,402,28.0,83.9,T8-D4,2.44,18.8,57.7,409.4,80.5,14.6,54.4,4.75,1,1
Pine,2x8,38,512,26.0,112.4,T10-D5,4.65,18.17,51.7,383.4,84.5,16.9,51.1,4.36,1,1
Spruce,4x4,89,402,28.0,94.5,T8-D4,3.92,44.6,210.5,1263.3,70.0,8.5,67.6,6.45,0,0
Pine,4x4,89,512,26.0,117.6,T10-D5,3.71,55.55,210.0,1375.7,75.5,10.6,62.2,5.58,0,0
Fir,4x4,89,471,27.0,92.4,T6-D3,4.55,62.83,209.5,990.7,57.5,4.2,80.5,8.58,0,0
Pine,2x4,38,512,26.0,105.5,T6-D3,4.18,19.5,139.2,763.1,64.5,7.9,69.3,7.05,1,0
Fir,2x8,38,471,27.0,85.4,T10-D5,3.54,19.19,36.5,294.8,90.9,21.2,42.9,3.41,1,0
Fir,2x8,38,471,27.0,75.9,T8-D4,3.84,18.81,49.6,363.0,82.9,15.8,51.5,4.36,1,1
Spruce,2x10,38,402,28.0,101.9,T8-D4,4.51,18.14,63.1,416.4,75.7,12.3,59.7,5.51,1,1
Fir,4x4,89,471,27.0,92.4,T8-D4,3.03,53.14,209.8,1227.5,68.5,7.7,69.5,6.7,0,0
Fir,2x10,38,471,27.0,82.3,T8-D4,2.05,18.57,65.4,468.6,81.1,14.8,53.7,4.65,1,1
Pine,4x4,89,512,26.0,115.6,T6-D3,4.09,85.23,209.9,921.0,54.0,3.0,85.0,9.32,0,0
Spruce,4x4,89,402,28.0,115.2,T10-D5,2.16,50.52,210.7,1402.3,76.8,11.4,60.5,5.38,0,0
Pine,2x10,38,512,26.0,122.6,T10-D5,3.16,18.69,64.2,480.7,83.2,16.1,52.7,4.54,1,1
Fir,2x10,38,471,27.0,76.7,T8-D4,2.49,19.11,56.3,402.1,82.7,15.7,51.8,4.39,1,0
Spruce,2x6,38,402,28.0,110.8,T10-D5,2.39,18.73,53.0,403.6,85.2,17.4,50.2,4.26,1,1
Pine,4x4,89,512,26.0,128.0,T8-D4,4.88,85.95,210.3,1050.6,60.0,5.0,77.2,8.04,0,0
Spruce,2x4,38,402,28.0,101.2,T10-D5,3.58,19.01,41.5,330.6,86.8,18.5,48.2,4.02,1,0
Pine,4x4,89,512,26.0,120.5,T10-D5,2.9,63.92,209.8,1350.5,73.9,9.6,64.4,5.84,0,0
Pine,2x6,38,512,26.0,89.3,T8-D4,2.86,19.29,72.4,488.7,78.3,13.5,56.9,5.11,1,0
Pine,4x4,89,512,26.0,87.8,T6-D3,3.74,62.74,210.9,1004.4,58.0,4.3,79.7,8.46,0,0
Spruce,2x8,38,402,28.0,83.2,T6-D3,4.57,19.19,86.4,492.4,67.6,9.4,64.6,6.38,1,0
Spruce,2x4,38,402,28.0,95.5,T8-D4,2.96,18.02,65.8,445.5,77.0,13.0,58.2,5.3,1,1
Fir,2x4,38,471,27.0,63.6,T8-D4,3.44,18.6,40.7,308.8,86.1,17.9,46.9,3.82,1,1
Fir,4x4,89,471,27.0,85.6,T6-D3,3.89,57.77,210.2,1042.9,59.2,4.8,78.0,8.19,0,0
Fir,2x10,38,471,27.0,76.2,T10-D5,3.01,18.71,32.6,268.9,94.1,23.5,38.8,2.96,1,1
Pine,4x4,89,512,26.0,133.9,T6-D3,3.37,100.97,210.5,922.5,54.0,3.0,85.0,9.32,0,0
Pine,2x8,38,512,26.0,129.7,T8-D4,2.2,18.77,123.4,759.4,71.7,10.4,64.2,6.16,1,1
Pine,4x4,89,512,26.0,124.7,T6-D3,2.91,95.3,210.0,914.5,54.0,3.0,85.0,9.32,0,0
Pine,2x6,38,512,26.0,105.5,T8-D4,2.69,18.68,92.5,593.6,74.6,11.8,61.0,5.7,1,1
Fir,2x4,38,471,27.0,85.9,T6-D3,4.52,19.45,102.2,580.9,67.1,9.1,65.4,6.49,1,0
Pine,2x10,38,512,26.0,104.2,T8-D4,3.25,19.0,87.6,561.7,74.8,11.9,60.8,5.66,1,1
Spruce,2x8,38,402,28.0,84.3,T8-D4,3.18,18.06,54.0,374.0,80.4,14.5,54.5,4.77,1,1
Fir,2x8,38,471,27.0,89.7,T8-D4,3.47,19.28,63.9,442.7,78.4,13.6,56.7,5.08,1,0
Fir,2x6,38,471,27.0,83.7,T8-D4,4.35,19.79,54.2,381.3,80.5,14.5,54.4,4.75,1,0
Spruce,2x10,38,402,28.0,107.2,T8-D4,4.64,17.59,66.9,425.4,74.8,11.9,60.7,5.66,1,1
Fir,4x4,89,471,27.0,98.3,T6-D3,3.23,70.84,209.7,968.1,56.0,3.7,82.4,8.9,0,0
Pine,2x10,38,512,26.0,91.6,T8-D4,3.79,18.4,69.5,464.4,77.6,13.2,57.7,5.22,1,1
Spruce,4x4,89,402,28.0,111.7,T8-D4,3.43,65.11,209.5,1112.7,63.1,5.8,74.7,7.57,0,0
Pine,2x10,38,512,26.0,112.3,T8-D4,4.8,18.54,84.8,534.3,73.6,11.3,62.1,5.86,1,1
Fir,2x8,38,471,27.0,77.3,T6-D3,4.64,18.74,90.7,519.8,68.5,9.8,63.3,6.18,1,1
Spruce,4x4,89,402,28.0,92.6,T8-D4,3.81,43.36,209.9,1280.3,70.8,8.8,66.7,6.32,0,0
Spruce,4x4,89,402,28.0,100.6,T6-D3,2.81,70.23,209.8,973.0,56.0,3.7,82.4,8.9,0,0
Pine,4x4,89,512,26.0,117.6,T8-D4,3.36,81.82,209.4,1053.4,60.0,5.0,77.2,8.04,0,0
Fir,2x6,38,471,27.0,71.2,T8-D4,4.88,19.21,42.7,306.8,83.9,16.5,50.2,4.2,1,0
Spruce,2x6,38,402,28.0,96.5,T8-D4,2.29,19.24,72.9,479.3,76.8,12.9,58.5,5.34,1,0
Spruce,2x6,38,402,28.0,92.8,T8-D4,2.12,19.5,69.6,478.4,77.7,13.3,57.5,5.2,1,0
Pine,2x6,38,512,26.0,96.8,T10-D5,2.82,19.28,49.4,377.9,87.2,18.7,47.7,3.96,1,0
Pine,4x4,89,512,26.0,119.2,T8-D4,4.24,80.84,210.1,1047.0,60.0,5.0,77.2,8.04,0,0
Fir,2x6,38,471,27.0,89.1,T8-D4,4.62,19.02,59.4,402.0,78.6,13.7,56.4,5.05,1,0
Fir,2x10,38,471,27.0,87.7,T6-D3,3.37,18.74,112.9,647.3,66.8,9.0,65.9,6.56,1,1
Spruce,2x10,38,402,28.0,106.7,T6-D3,2.38,19.22,133.0,725.9,64.7,8.0,69.0,7.02,1,0
Spruce,2x4,38,402,28.0,92.9,T8-D4,4.58,18.4,56.1,376.4,77.6,13.2,57.6,5.21,1,1
Spruce,2x6,38,402,28.0,120.7,T8-D4,3.0,18.1,84.8,533.1,73.0,11.1,62.7,5.95,1,1
Pine,2x6,38,512,26.0,119.4,T8-D4,4.5,18.07,90.3,578.4,72.7,10.9,63.1,5.99,1,1
Spruce,2x4,38,402,28.0,91.9,T8-D4,2.43,18.83,67.1,457.9,77.9,13.4,57.3,5.17,1,1
Spruce,2x6,38,402,28.0,79.4,T8-D4,2.72,18.47,51.0,373.7,82.4,15.5,52.2,4.45,1,1
Spruce,2x8,38,402,28.0,119.7,T6-D3,2.57,18.18,143.5,771.3,63.7,7.6,70.5,7.22,1,1
Fir,2x6,38,471,27.0,93.4,T6-D3,3.48,19.37,118.8,670.1,66.0,8.6,67.1,6.74,1,0
Fir,2x6,38,471,27.0,94.7,T8-D4,3.22,18.48,71.2,476.7,77.0,12.9,58.3,5.31,1,1
Spruce,2x6,38,402,28.0,86.0,T10-D5,4.04,18.59,32.9,260.3,90.9,21.2,43.0,3.42,1,1
Fir,2x6,38,471,27.0,84.2,T8-D4,3.83,19.01,56.8,401.9,80.3,14.5,54.6,4.77,1,0
Spruce,2x4,38,402,28.0,92.3,T8-D4,3.21,19.42,61.3,416.5,77.8,13.3,57.4,5.18,1,0
Pine,2x4,38,512,26.0,125.2,T8-D4,2.34,18.61,115.5,718.4,72.1,10.6,63.8,6.1,1,1
Pine,4x4,89,512,26.0,114.7,T6-D3,4.69,83.75,210.5,924.0,54.0,3.0,85.0,9.32,0,0
Pine,2x8,38,512,26.0,88.9,T8-D4,3.72,17.24,66.9,457.1,78.4,13.5,56.8,5.09,1,1
Pine,2x8,38,512,26.0,133.0,T6-D3,4.96,19.59,159.5,838.4,62.7,7.1,72.0,7.44,1,0
Fir,2x10,38,471,27.0,81.5,T10-D5,4.95,18.41,30.7,250.5,92.7,22.5,40.6,3.15,1,1
Spruce,2x4,38,402,28.0,105.8,T10-D5,3.56,18.54,44.0,334.7,86.0,17.9,49.3,4.15,1,1
Pine,2x6,38,512,26.0,92.3,T8-D4,2.95,19.44,75.2,509.4,77.4,13.1,57.9,5.25,1,0
Pine,2x8,38,512,26.0,132.7,T8-D4,4.81,18.37,98.7,606.3,71.4,10.3,64.5,6.2,1,1
Fir,2x4,38,471,27.0,90.3,T8-D4,2.47,18.47,72.5,493.3,78.3,13.5,56.9,5.11,1,1
Spruce,2x10,38,402,28.0,89.0,T6-D3,4.07,18.65,95.3,539.8,66.6,8.9,66.1,6.59,1,1
Spruce,2x6,38,402,28.0,98.4,T10-D5,4.28,17.66,38.4,298.3,87.4,18.9,47.4,3.93,1,1
Spruce,2x8,38,402,28.0,109.2,T10-D5,2.31,18.05,52.6,406.7,85.5,17.7,49.8,4.22,1,1
Fir,4x4,89,471,27.0,83.9,T8-D4,4.0,38.14,210.3,1363.3,74.8,10.5,62.5,5.67,0,0
Pine,2x6,38,512,26.0,106.6,T8-D4,2.74,18.8,92.7,597.4,74.4,11.7,61.2,5.72,1,1
Pine,2x8,38,512,26.0,91.7,T8-D4,2.07,19.53,84.0,567.2,77.6,13.2,57.7,5.21,1,0
Pine,2x6,38,512,26.0,118.9,T6-D3,2.21,20.26,186.8,1007.4,63.5,7.4,70.8,7.27,1,0
Fir,2x4,38,471,27.0,81.3,T8-D4,2.08,19.26,65.4,464.4,81.5,15.0,53.3,4.59,1,0
Spruce,2x6,38,402,28.0,70.3,T8-D4,4.69,17.88,37.7,280.6,84.2,16.7,49.6,4.14,1,1
Spruce,4x4,89,402,28.0,95.7,T10-D5,4.49,19.03,202.0,1554.1,88.0,19.3,46.6,3.84,1,0
Pine,4x4,89,512,26.0,102.3,T6-D3,2.6,78.16,210.1,916.9,54.3,3.1,84.6,9.26,0,0
Pine,2x8,38,512,26.0,86.7,T8-D4,2.09,19.68,76.6,525.1,79.1,13.9,56.0,4.97,1,0
Fir,2x6,38,471,27.0,89.0,T10-D5,3.48,18.27,39.7,310.0,89.8,20.5,44.3,3.58,1,1
Pine,4x4,89,512,26.0,134.9,T10-D5,2.38,79.14,210.6,1285.9,71.1,8.1,68.2,6.33,0,0
Spruce,2x6,38,402,28.0,94.7,T8-D4,3.39,19.15,63.5,421.0,77.2,13.1,58.0,5.27,1,0
Fir,2x10,38,471,27.0,90.2,T6-D3,2.08,18.88,135.0,768.0,66.4,8.8,66.4,6.63,1,1
Spruce,2x10,38,402,28.0,94.1,T10-D5,3.04,19.09,40.3,322.6,88.4,19.6,46.1,3.79,1,0
Pine,4x4,89,512,26.0,131.5,T8-D4,4.29,88.32,209.6,1051.3,60.0,5.0,77.2,8.04,0,0
Spruce,4x4,89,402,28.0,101.2,T8-D4,3.19,57.24,209.4,1171.8,65.9,6.8,72.1,7.12,0,0
Fir,2x8,38,471,27.0,93.6,T6-D3,3.02,18.07,126.1,704.2,66.0,8.6,67.1,6.74,1,1
Spruce,2x4,38,402,28.0,86.3,T8-D4,4.87,19.22,49.3,339.4,79.6,14.1,55.4,4.89,1,0
Fir,4x4,89,471,27.0,92.7,T10-D5,4.87,18.96,209.0,1651.3,88.6,19.7,45.8,3.75,1,1
Fir,4x4,89,471,27.0,85.6,T8-D4,2.01,47.96,209.5,1282.8,71.6,8.9,66.3,6.2,0,0
Fir,2x10,38,471,27.0,88.7,T8-D4,3.36,19.7,63.9,443.6,78.7,13.7,56.4,5.04,1,0
Spruce,2x10,38,402,28.0,86.5,T8-D4,2.68,18.72,59.1,410.2,79.5,14.1,55.5,4.9,1,1
Fir,4x4,89,471,27.0,81.0,T6-D3,4.59,51.36,209.5,1090.5,61.5,5.8,74.6,7.68,0,0
Pine,2x8,38,512,26.0,91.4,T8-D4,3.96,18.63,68.5,471.0,77.7,13.2,57.6,5.2,1,1
Pine,2x4,38,512,26.0,115.2,T8-D4,4.02,18.58,91.1,573.0,73.2,11.1,62.6,5.92,1,1
Fir,2x4,38,471,27.0,91.5,T6-D3,4.53,18.52,109.0,614.0,66.2,8.7,66.7,6.68,1,1
Pine,2x8,38,512,26.0,123.6,T10-D5,2.3,18.17,71.3,523.1,83.1,16.0,52.8,4.56,1,1
Pine,2x4,38,512,26.0,106.6,T8-D4,2.47,17.63,96.1,615.3,74.4,11.7,61.2,5.72,1,1
Spruce,2x8,38,402,28.0,76.1,T8-D4,2.27,18.9,52.0,374.8,82.9,15.8,51.5,4.36,1,1
Spruce,4x4,89,402,28.0,80.0,T10-D5,2.56,19.09,179.8,1495.7,93.5,22.9,39.6,3.04,1,0
Fir,2x6,38,471,27.0,81.7,T8-D4,4.07,19.02,53.3,379.5,81.3,15.0,53.5,4.62,1,0
Spruce,4x4,89,402,28.0,91.8,T10-D5,3.36,18.39,206.1,1636.0,89.1,20.0,45.3,3.69,1,1
Fir,4x4,89,471,27.0,91.1,T6-D3,3.47,64.07,210.0,992.8,57.5,4.2,80.4,8.57,0,0
Spruce,2x8,38,402,28.0,103.8,T8-D4,4.04,18.91,66.8,434.6,75.4,12.2,60.1,5.57,1,1
Spruce,4x4,89,402,28.0,107.6,T8-D4,2.97,64.06,210.9,1130.5,63.6,6.0,74.3,7.48,0,0
Pine,2x8,38,512,26.0,117.6,T8-D4,3.01,19.17,100.9,636.0,72.9,11.0,62.9,5.97,1,0
